"Path","LineNumber","Line"
"C:\Users\feras\Desktop\feras\apps\web\src\components\experiment\analysis-calc\AnalysisChartWorkspace.vue","42","      <span>📈 {{ xKey && yKey ? `${yAxisLabel} ضد ${xAxisLabel}` : 'رسم بياني' }}</span>"
"C:\Users\feras\Desktop\feras\apps\web\src\components\experiment\analysis-calc\AnalysisChartWorkspace.vue","44","        ⚙️ محاور"
"C:\Users\feras\Desktop\feras\apps\web\src\components\experiment\analysis-calc\AnalysisChartWorkspace.vue","49","        <label>محور X</label>"
"C:\Users\feras\Desktop\feras\apps\web\src\components\experiment\analysis-calc\AnalysisChartWorkspace.vue","55","        <label>محور Y</label>"
"C:\Users\feras\Desktop\feras\apps\web\src\components\experiment\analysis-calc\AnalysisConclusionPanel.vue","19","    <div class=""panel-header"">📝 الخاتمة والاستنتاجات</div>"
"C:\Users\feras\Desktop\feras\apps\web\src\components\experiment\analysis-calc\AnalysisConclusionPanel.vue","22","        <label>الاستنتاج الرئيسي</label>"
"C:\Users\feras\Desktop\feras\apps\web\src\components\experiment\analysis-calc\AnalysisConclusionPanel.vue","23","        <textarea v-model=""conclusion"" @input=""onChange"" rows=""2"" placeholder=""ما الاستنتاج الرئيسي من التجربة؟""></textarea>"
"C:\Users\feras\Desktop\feras\apps\web\src\components\experiment\analysis-calc\AnalysisConclusionPanel.vue","26","        <label>مصادر الأخطاء</label>"
"C:\Users\feras\Desktop\feras\apps\web\src\components\experiment\analysis-calc\AnalysisConclusionPanel.vue","27","        <textarea v-model=""errors"" @input=""onChange"" rows=""2"" placeholder=""ما مصادر الخطأ في القياسات؟""></textarea>"
"C:\Users\feras\Desktop\feras\apps\web\src\components\experiment\analysis-calc\AnalysisConclusionPanel.vue","30","        <label>اقتراحات للتحسين</label>"
"C:\Users\feras\Desktop\feras\apps\web\src\components\experiment\analysis-calc\AnalysisConclusionPanel.vue","31","        <textarea v-model=""improvements"" @input=""onChange"" rows=""2"" placeholder=""كيف يمكن تحسين النتائج؟""></textarea>"
"C:\Users\feras\Desktop\feras\apps\web\src\components\experiment\analysis-calc\AnalysisDataTable.vue","43","      <span>📋 جدول القراءات</span>"
"C:\Users\feras\Desktop\feras\apps\web\src\components\experiment\analysis-calc\AnalysisDataTable.vue","44","      <button class=""btn-add"" @click=""emit('add-row')"">+ صف</button>"
"C:\Users\feras\Desktop\feras\apps\web\src\components\experiment\analysis-calc\AnalysisDataTable.vue","66","                :title=""outlierMap[col.key]?.[i] ? 'قيمة شاذة (> 2σ من المتوسط)' : ''"""
"C:\Users\feras\Desktop\feras\apps\web\src\components\experiment\analysis-calc\AnalysisDataTable.vue","75","      <p v-else class=""empty"">لا توجد بيانات</p>"
"C:\Users\feras\Desktop\feras\apps\web\src\components\experiment\analysis-calc\AnalysisEquationsPanel.vue","35","      <span>⚗️ المعادلات والحسابات</span>"
"C:\Users\feras\Desktop\feras\apps\web\src\components\experiment\analysis-calc\AnalysisEquationsPanel.vue","59","    <p v-else class=""empty"">لا توجد معادلات لهذه التجربة</p>"
"C:\Users\feras\Desktop\feras\apps\web\src\components\experiment\analysis-calc\AnalysisErrorPanel.vue","31","      <span>📊 نسبة الخطأ المئوية</span>"
"C:\Users\feras\Desktop\feras\apps\web\src\components\experiment\analysis-calc\AnalysisErrorPanel.vue","36","          <label>القيمة النظرية</label>"
"C:\Users\feras\Desktop\feras\apps\web\src\components\experiment\analysis-calc\AnalysisErrorPanel.vue","37","          <input v-model.number=""theoretical"" type=""number"" step=""any"" placeholder=""مثلاً 9.81"" />"
"C:\Users\feras\Desktop\feras\apps\web\src\components\experiment\analysis-calc\AnalysisErrorPanel.vue","40","          <label>القيمة التجريبية</label>"
"C:\Users\feras\Desktop\feras\apps\web\src\components\experiment\analysis-calc\AnalysisErrorPanel.vue","41","          <input v-model.number=""experimental"" type=""number"" step=""any"" placeholder=""مثلاً 9.60"" />"
"C:\Users\feras\Desktop\feras\apps\web\src\components\experiment\analysis-calc\AnalysisErrorPanel.vue","45","        <span class=""label"">نسبة الخطأ</span>"
"C:\Users\feras\Desktop\feras\apps\web\src\components\experiment\analysis-calc\AnalysisErrorPanel.vue","50","      <div v-else class=""hint"">أدخل القيمتين لحساب نسبة الخطأ</div>"
"C:\Users\feras\Desktop\feras\apps\web\src\components\experiment\analysis-calc\AnalysisMediumPanel.vue","19","  { name: 'هواء', n2: 1.0 },"
"C:\Users\feras\Desktop\feras\apps\web\src\components\experiment\analysis-calc\AnalysisMediumPanel.vue","20","  { name: 'ماء', n2: 1.33 },"
"C:\Users\feras\Desktop\feras\apps\web\src\components\experiment\analysis-calc\AnalysisMediumPanel.vue","21","  { name: 'زجاج', n2: 1.5 },"
"C:\Users\feras\Desktop\feras\apps\web\src\components\experiment\analysis-calc\AnalysisMediumPanel.vue","22","  { name: 'ألماس', n2: 2.42 },"
"C:\Users\feras\Desktop\feras\apps\web\src\components\experiment\analysis-calc\AnalysisMediumPanel.vue","37","    <div class=""medium-title"">🧪 الوسط المختبر</div>"
"C:\Users\feras\Desktop\feras\apps\web\src\components\experiment\analysis-calc\AnalysisMediumPanel.vue","39","      <span class=""medium-label"">الوسط الحالي:</span>"
"C:\Users\feras\Desktop\feras\apps\web\src\components\experiment\analysis-calc\AnalysisMediumPanel.vue","54","    <div class=""medium-hint"">اختر الوسط لتوليد قراءات نظرية</div>"
"C:\Users\feras\Desktop\feras\apps\web\src\components\experiment\analysis-calc\AnalysisMenuBar.vue","14","  return props.sourceName ? `تحليل: ${props.sourceName}` : 'قسم الرسم والحسابات';"
"C:\Users\feras\Desktop\feras\apps\web\src\components\experiment\analysis-calc\AnalysisMenuBar.vue","21","      <button class=""btn-back"" @click=""emit('back')"">← رجوع</button>"
"C:\Users\feras\Desktop\feras\apps\web\src\components\experiment\analysis-calc\AnalysisMenuBar.vue","25","      <button class=""btn-clear"" @click=""emit('clear')"">🗑️ مسح البيانات</button>"
"C:\Users\feras\Desktop\feras\apps\web\src\components\experiment\analysis-calc\AnalysisReportExport.vue","27","    <div class=""panel-header"">📤 إرسال التقرير</div>"
"C:\Users\feras\Desktop\feras\apps\web\src\components\experiment\analysis-calc\AnalysisReportExport.vue","30","        🖨️ طباعة / PDF"
"C:\Users\feras\Desktop\feras\apps\web\src\components\experiment\analysis-calc\AnalysisReportExport.vue","39","        {{ sending ? '⏳ جاري الإرسال...' : sent ? '✅ تم الإرسال!' : '📧 إرسال للمعلم' }}"
"C:\Users\feras\Desktop\feras\apps\web\src\components\experiment\analysis-calc\AnalysisReportExport.vue","42","    <p class=""hint"">املأ معلومات الطالب أولاً ثم اضغط إرسال للمعلم</p>"
"C:\Users\feras\Desktop\feras\apps\web\src\components\experiment\analysis-calc\AnalysisReportPreview.vue","41","      <h1>📊 تقرير التجربة الفيزيائية</h1>"
"C:\Users\feras\Desktop\feras\apps\web\src\components\experiment\analysis-calc\AnalysisReportPreview.vue","43","        <span><b>التجربة:</b> {{ sourceName }}</span>"
"C:\Users\feras\Desktop\feras\apps\web\src\components\experiment\analysis-calc\AnalysisReportPreview.vue","44","        <span><b>التاريخ:</b> {{ reportDate }}</span>"
"C:\Users\feras\Desktop\feras\apps\web\src\components\experiment\analysis-calc\AnalysisReportPreview.vue","49","      <h2>🎓 معلومات الطالب</h2>"
"C:\Users\feras\Desktop\feras\apps\web\src\components\experiment\analysis-calc\AnalysisReportPreview.vue","51","        <div v-if=""studentInfo.name""><b>الاسم:</b> {{ studentInfo.name }}</div>"
"C:\Users\feras\Desktop\feras\apps\web\src\components\experiment\analysis-calc\AnalysisReportPreview.vue","52","        <div v-if=""studentInfo.email""><b>البريد:</b> {{ studentInfo.email }}</div>"
"C:\Users\feras\Desktop\feras\apps\web\src\components\experiment\analysis-calc\AnalysisReportPreview.vue","53","        <div v-if=""studentInfo.grade""><b>الصف:</b> {{ studentInfo.grade }}</div>"
"C:\Users\feras\Desktop\feras\apps\web\src\components\experiment\analysis-calc\AnalysisReportPreview.vue","55","      <div v-if=""studentInfo.notes"" class=""notes""><b>ملاحظات:</b> {{ studentInfo.notes }}</div>"
"C:\Users\feras\Desktop\feras\apps\web\src\components\experiment\analysis-calc\AnalysisReportPreview.vue","59","      <h2>📋 جدول القراءات</h2>"
"C:\Users\feras\Desktop\feras\apps\web\src\components\experiment\analysis-calc\AnalysisReportPreview.vue","69","      <h2>📈 إحصائيات</h2>"
"C:\Users\feras\Desktop\feras\apps\web\src\components\experiment\analysis-calc\AnalysisReportPreview.vue","82","      <h2>📈 نتائج الانحدار الخطي</h2>"
"C:\Users\feras\Desktop\feras\apps\web\src\components\experiment\analysis-calc\AnalysisReportPreview.vue","84","        <b>المحاور:</b> {{ axesData.yLabel }} (Y) ضد {{ axesData.xLabel }} (X)"
"C:\Users\feras\Desktop\feras\apps\web\src\components\experiment\analysis-calc\AnalysisReportPreview.vue","87","        <div class=""reg-row""><span>معادلة الميل:</span> <b>y = {{ regressionData.slope.toFixed(4) }}x {{ regressionData.intercept >= 0 ? '+' : '' }} {{ regressionData.intercept.toFixed(4) }}</b></div>"
"C:\Users\feras\Desktop\feras\apps\web\src\components\experiment\analysis-calc\AnalysisReportPreview.vue","88","        <div class=""reg-row""><span>معامل التحديد R²:</span> <b>{{ regressionData.r2.toFixed(4) }}</b></div>"
"C:\Users\feras\Desktop\feras\apps\web\src\components\experiment\analysis-calc\AnalysisReportPreview.vue","98","      <h2>🔬 نتائج تحليل شعاع الضوء</h2>"
"C:\Users\feras\Desktop\feras\apps\web\src\components\experiment\analysis-calc\AnalysisReportPreview.vue","100","        <div class=""reg-row""><span>معامل الانكسار n₂ المحسوب:</span> <b class=""highlight"">{{ calculatedN2?.toFixed(3) ?? '—' }}</b></div>"
"C:\Users\feras\Desktop\feras\apps\web\src\components\experiment\analysis-calc\AnalysisReportPreview.vue","101","        <div class=""reg-row""><span>معامل الانكسار n₂ المتوقع:</span> <b>{{ expectedN2?.toFixed(3) ?? '—' }}</b></div>"
"C:\Users\feras\Desktop\feras\apps\web\src\components\experiment\analysis-calc\AnalysisReportPreview.vue","103","          <span>نسبة الخطأ:</span>"
"C:\Users\feras\Desktop\feras\apps\web\src\components\experiment\analysis-calc\AnalysisReportPreview.vue","109","          <span>سرعة الضوء في الوسط:</span>"
"C:\Users\feras\Desktop\feras\apps\web\src\components\experiment\analysis-calc\AnalysisReportPreview.vue","116","      <h2>⚗️ المعادلات</h2>"
"C:\Users\feras\Desktop\feras\apps\web\src\components\experiment\analysis-calc\AnalysisReportPreview.vue","126","      <h2>🔢 حساب المجهول</h2>"
"C:\Users\feras\Desktop\feras\apps\web\src\components\experiment\analysis-calc\AnalysisReportPreview.vue","129","          <div class=""eq-name"">{{ s.equationName }} — حل {{ s.targetVar }}</div>"
"C:\Users\feras\Desktop\feras\apps\web\src\components\experiment\analysis-calc\AnalysisReportPreview.vue","140","      <h2>📊 نسبة الخطأ المئوية</h2>"
"C:\Users\feras\Desktop\feras\apps\web\src\components\experiment\analysis-calc\AnalysisReportPreview.vue","142","        <div class=""ec-row""><span>القيمة النظرية:</span> <b>{{ errorCalcData.theoretical }}</b></div>"
"C:\Users\feras\Desktop\feras\apps\web\src\components\experiment\analysis-calc\AnalysisReportPreview.vue","143","        <div class=""ec-row""><span>القيمة التجريبية:</span> <b>{{ errorCalcData.experimental }}</b></div>"
"C:\Users\feras\Desktop\feras\apps\web\src\components\experiment\analysis-calc\AnalysisReportPreview.vue","145","          <span>نسبة الخطأ:</span>"
"C:\Users\feras\Desktop\feras\apps\web\src\components\experiment\analysis-calc\AnalysisReportPreview.vue","154","      <h2>📉 الرسومات المقترحة</h2>"
"C:\Users\feras\Desktop\feras\apps\web\src\components\experiment\analysis-calc\AnalysisReportPreview.vue","158","          <span>{{ p.yLabel }} ضد {{ p.xLabel }}</span>"
"C:\Users\feras\Desktop\feras\apps\web\src\components\experiment\analysis-calc\AnalysisReportPreview.vue","164","      <h2>📈 الرسم البياني</h2>"
"C:\Users\feras\Desktop\feras\apps\web\src\components\experiment\analysis-calc\AnalysisReportPreview.vue","169","      <h2>📝 الخاتمة</h2>"
"C:\Users\feras\Desktop\feras\apps\web\src\components\experiment\analysis-calc\AnalysisReportPreview.vue","170","      <div v-if=""conclusion.conclusion"" class=""block""><b>الاستنتاج:</b> {{ conclusion.conclusion }}</div>"
"C:\Users\feras\Desktop\feras\apps\web\src\components\experiment\analysis-calc\AnalysisReportPreview.vue","171","      <div v-if=""conclusion.errors"" class=""block""><b>مصادر الخطأ:</b> {{ conclusion.errors }}</div>"
"C:\Users\feras\Desktop\feras\apps\web\src\components\experiment\analysis-calc\AnalysisReportPreview.vue","172","      <div v-if=""conclusion.improvements"" class=""block""><b>اقتراحات التحسين:</b> {{ conclusion.improvements }}</div>"
"C:\Users\feras\Desktop\feras\apps\web\src\components\experiment\analysis-calc\AnalysisReportPreview.vue","176","      <span>تم إنشاء هذا التقرير تلقائياً من منصة الفيزياء التفاعلية</span>"
"C:\Users\feras\Desktop\feras\apps\web\src\components\experiment\analysis-calc\AnalysisStatsPanel.vue","30","    <div class=""panel-header"">📊 إحصائيات القراءات</div>"
"C:\Users\feras\Desktop\feras\apps\web\src\components\experiment\analysis-calc\AnalysisStatsPanel.vue","41","          <div class=""m""><span class=""ml"">وسيط</span><span class=""mv"">{{ stats[col.key]?.median.toFixed(4) ?? '-' }}</span></div>"
"C:\Users\feras\Desktop\feras\apps\web\src\components\experiment\analysis-calc\AnalysisTabs.vue","4","const tabs = ['📋 البيانات', '📈 التحليل', '📄 التقرير'];"
"C:\Users\feras\Desktop\feras\apps\web\src\components\experiment\analysis-calc\DataTab.vue","20","  if (!props.readings.length) { c.push('لا توجد بيانات'); return c; }"
"C:\Users\feras\Desktop\feras\apps\web\src\components\experiment\analysis-calc\DataTab.vue","23","    if (!vals.length) { c.push(`عمود ${col.label} فارغ`); continue; }"
"C:\Users\feras\Desktop\feras\apps\web\src\components\experiment\analysis-calc\DataTab.vue","27","    if (outCount > 0) c.push(`${outCount} قيمة شاذة في ${col.label}`);"
"C:\Users\feras\Desktop\feras\apps\web\src\components\experiment\analysis-calc\DataTab.vue","29","  if (!c.length) c.push('✅ جميع البيانات تبدو سليمة');"
"C:\Users\feras\Desktop\feras\apps\web\src\components\experiment\analysis-calc\DataTab.vue","36","    <!-- Panels في الأعلى — 3 أعمدة -->"
"C:\Users\feras\Desktop\feras\apps\web\src\components\experiment\analysis-calc\DataTab.vue","46","          <div class=""checks-title"">🔍 فحص البيانات</div>"
"C:\Users\feras\Desktop\feras\apps\web\src\components\experiment\analysis-calc\DataTab.vue","54","    <!-- الجدول في الأسفل — عرض كامل -->"
"C:\Users\feras\Desktop\feras\apps\web\src\components\experiment\analysis-calc\EquationDetail.vue","26","      <div class=""section-label"">الصيغة</div>"
"C:\Users\feras\Desktop\feras\apps\web\src\components\experiment\analysis-calc\EquationDetail.vue","33","      <div class=""section-label"">المتغيرات</div>"
"C:\Users\feras\Desktop\feras\apps\web\src\components\experiment\analysis-calc\EquationDetail.vue","50","      <div class=""section-label"">احسب المجهول</div>"
"C:\Users\feras\Desktop\feras\apps\web\src\components\experiment\analysis-calc\EquationDetail.vue","55","        <button class=""btn-solve"" @click=""emit('solve')"">= احسب</button>"
"C:\Users\feras\Desktop\feras\apps\web\src\components\experiment\analysis-calc\EquationDetail.vue","58","        <div class=""result-label"">✅ النتيجة</div>"
"C:\Users\feras\Desktop\feras\apps\web\src\components\experiment\analysis-calc\ReportTab.vue","41","  c.push({ ok: !!props.studentInfo.name, text: 'اسم الطالب' });"
"C:\Users\feras\Desktop\feras\apps\web\src\components\experiment\analysis-calc\ReportTab.vue","42","  c.push({ ok: props.readings.length >= 2, text: 'قراءتان على الأقل' });"
"C:\Users\feras\Desktop\feras\apps\web\src\components\experiment\analysis-calc\ReportTab.vue","43","  c.push({ ok: conclusionData.value.conclusion.length > 10, text: 'الخاتمة مكتوبة' });"
"C:\Users\feras\Desktop\feras\apps\web\src\components\experiment\analysis-calc\ReportTab.vue","61","          <div class=""readiness-title"">📋 جاهزية التقرير</div>"
"C:\Users\feras\Desktop\feras\apps\web\src\components\experiment\analysis-calc\ReportTab.vue","65","          <div v-if=""allReady"" class=""all-ready"">🎉 التقرير جاهز للإرسال!</div>"
"C:\Users\feras\Desktop\feras\apps\web\src\components\experiment\analysis-calc\ReportTab.vue","70","          {{ showPreview ? '✕ إخفاء' : '👁️ معاينة التقرير' }}"
"C:\Users\feras\Desktop\feras\apps\web\src\components\experiment\analysis-calc\StudentInfoPanel.vue","15","    <div class=""panel-header"">🎓 معلومات الطالب</div>"
"C:\Users\feras\Desktop\feras\apps\web\src\components\experiment\analysis-calc\StudentInfoPanel.vue","19","          <label>الاسم الكامل</label>"
"C:\Users\feras\Desktop\feras\apps\web\src\components\experiment\analysis-calc\StudentInfoPanel.vue","20","          <input type=""text"" :value=""info.name"" @input=""update('name', ($event.target as HTMLInputElement).value)"" placeholder=""محمد أحمد"" />"
"C:\Users\feras\Desktop\feras\apps\web\src\components\experiment\analysis-calc\StudentInfoPanel.vue","23","          <label>البريد الإلكتروني</label>"
"C:\Users\feras\Desktop\feras\apps\web\src\components\experiment\analysis-calc\StudentInfoPanel.vue","29","          <label>الصف / الشعبة</label>"
"C:\Users\feras\Desktop\feras\apps\web\src\components\experiment\analysis-calc\StudentInfoPanel.vue","30","          <input type=""text"" :value=""info.grade"" @input=""update('grade', ($event.target as HTMLInputElement).value)"" placeholder=""الصف العاشر - أ"" />"
"C:\Users\feras\Desktop\feras\apps\web\src\components\experiment\analysis-calc\StudentInfoPanel.vue","33","          <label>التاريخ</label>"
"C:\Users\feras\Desktop\feras\apps\web\src\components\experiment\analysis-calc\StudentInfoPanel.vue","38","        <label>ملاحظات على التجربة</label>"
"C:\Users\feras\Desktop\feras\apps\web\src\components\experiment\analysis-calc\StudentInfoPanel.vue","39","        <textarea :value=""info.notes"" @input=""update('notes', ($event.target as HTMLTextAreaElement).value)"" rows=""2"" placeholder=""اكتب ملاحظاتك عن التجربة...""></textarea>"
"C:\Users\feras\Desktop\feras\apps\web\src\components\experiment\collision\CollisionControlBar.vue","21","  if (confirm('هل أنت متأكد من مسح جميع القراءات؟')) emit('clearTrials')"
"C:\Users\feras\Desktop\feras\apps\web\src\components\experiment\collision\CollisionControlBar.vue","37","    <button class=""btn-secondary"" @click=""$emit('reset')"">&#x1F504; إعادة</button>"
"C:\Users\feras\Desktop\feras\apps\web\src\components\experiment\collision\CollisionControlBar.vue","38","    <button class=""btn-secondary"" @click=""$emit('recordTrial')"">&#x1F4CC; تسجيل</button>"
"C:\Users\feras\Desktop\feras\apps\web\src\components\experiment\collision\CollisionControlBar.vue","39","    <button class=""btn-undo"" :disabled=""!canUndo"" @click=""$emit('undo')"" title=""تراجع (Ctrl+Z)"">&#x21A9; تراجع</button>"
"C:\Users\feras\Desktop\feras\apps\web\src\components\experiment\collision\CollisionControlBar.vue","40","    <button class=""btn-undo"" :disabled=""!canRedo"" @click=""$emit('redo')"" title=""إعادة (Ctrl+Y)"">&#x21AA; إعادة</button>"
"C:\Users\feras\Desktop\feras\apps\web\src\components\experiment\collision\CollisionControlBar.vue","41","    <button class=""btn-undo"" @click=""onClear"">&#x1F5D1; مسح</button>"
"C:\Users\feras\Desktop\feras\apps\web\src\components\experiment\collision\CollisionDataPanel.vue","16","    <div v-if=""!props.trials.length"" class=""empty"">لا توجد محاولات مسجلة</div>"
"C:\Users\feras\Desktop\feras\apps\web\src\components\experiment\collision\CollisionDataPanel.vue","37","      <button class=""clear-btn"" @click=""emit('clear')"">مسح الكل</button>"
"C:\Users\feras\Desktop\feras\apps\web\src\components\experiment\collision\CollisionEquationsPanel.vue","12","      <h5>المعادلات الأساسية:</h5>"
"C:\Users\feras\Desktop\feras\apps\web\src\components\experiment\collision\CollisionEquationsPanel.vue","20","      <button @click=""emit('calcFinalVelocity')"">حساب السرعات النهائية</button>"
"C:\Users\feras\Desktop\feras\apps\web\src\components\experiment\collision\CollisionEquationsPanel.vue","21","      <button @click=""emit('calcMomentumDiff')"">حساب فرق الزخم</button>"
"C:\Users\feras\Desktop\feras\apps\web\src\components\experiment\collision\CollisionEquationsPanel.vue","22","      <button @click=""emit('calcEnergyLoss')"">حساب فقد الطاقة</button>"
"C:\Users\feras\Desktop\feras\apps\web\src\components\experiment\collision\CollisionHelpModal.vue","11","          <h3>❓ دليل تجربة التصادم</h3>"
"C:\Users\feras\Desktop\feras\apps\web\src\components\experiment\collision\CollisionHelpModal.vue","15","          <p><strong>السرعة:</strong> القيم الموجبة = حركة لليمين، السالبة = لليسار.</p>"
"C:\Users\feras\Desktop\feras\apps\web\src\components\experiment\collision\CollisionHelpModal.vue","16","          <p><strong>معامل الارتداد (e):</strong> 1 = مرن تماماً، 0 = غير مرن تماماً.</p>"
"C:\Users\feras\Desktop\feras\apps\web\src\components\experiment\collision\CollisionHelpModal.vue","17","          <p><strong>الاختصارات:</strong> Space = بدء/توقف، R = إعادة، S = تسجيل، Z = تراجع، Y = إعادة.</p>"
"C:\Users\feras\Desktop\feras\apps\web\src\components\experiment\collision\CollisionMenuBar.vue","41","        <button class=""menu-btn"" :class=""{open:activeMenu==='file'}"" @click.stop=""toggleMenu('file')"">ملف</button>"
"C:\Users\feras\Desktop\feras\apps\web\src\components\experiment\collision\CollisionMenuBar.vue","43","          <div class=""menu-row"" @click=""emit('exportCsv'); closeMenu()""><span class=""mi"">&#x1F4BE;</span><span>تصدير CSV</span></div>"
"C:\Users\feras\Desktop\feras\apps\web\src\components\experiment\collision\CollisionMenuBar.vue","45","          <div class=""menu-row restore"" @click=""emit('showAllPanels'); closeMenu()""><span class=""mi"">&#x1F504;</span><span>استعادة الواجهة</span></div>"
"C:\Users\feras\Desktop\feras\apps\web\src\components\experiment\collision\CollisionMenuBar.vue","49","        <button class=""menu-btn"" :class=""{open:activeMenu==='view'}"" @click.stop=""toggleMenu('view')"">عرض</button>"
"C:\Users\feras\Desktop\feras\apps\web\src\components\experiment\collision\CollisionMenuBar.vue","51","          <div class=""menu-row check"" @click=""emit('togglePanel','params');""><span class=""mi"">&#x2699;&#xFE0F;</span><span>معاملات</span></div>"
"C:\Users\feras\Desktop\feras\apps\web\src\components\experiment\collision\CollisionMenuBar.vue","52","          <div class=""menu-row check"" @click=""emit('togglePanel','data');""><span class=""mi"">&#x1F4CB;</span><span>بيانات</span></div>"
"C:\Users\feras\Desktop\feras\apps\web\src\components\experiment\collision\CollisionMenuBar.vue","62","        <button class=""menu-btn"" :class=""{open:activeMenu==='run'}"" @click.stop=""toggleMenu('run')"">تشغيل</button>"
"C:\Users\feras\Desktop\feras\apps\web\src\components\experiment\collision\CollisionMenuBar.vue","64","          <div class=""menu-row"" @click=""emit('togglePause'); closeMenu()""><span class=""mi"">&#x25B6;</span><span>بدء/توقف</span></div>"
"C:\Users\feras\Desktop\feras\apps\web\src\components\experiment\collision\CollisionMenuBar.vue","65","          <div class=""menu-row"" @click=""emit('reset'); closeMenu()""><span class=""mi"">&#x1F504;</span><span>إعادة</span></div>"
"C:\Users\feras\Desktop\feras\apps\web\src\components\experiment\collision\CollisionMenuBar.vue","66","          <div class=""menu-row"" @click=""emit('recordTrial'); closeMenu()""><span class=""mi"">&#x1F4CC;</span><span>تسجيل</span></div>"
"C:\Users\feras\Desktop\feras\apps\web\src\components\experiment\collision\CollisionMenuBar.vue","70","        <button class=""menu-btn analyze-btn"" @click=""emit('analyzeResults')"">📊 قسم الرسم والحسابات</button>"
"C:\Users\feras\Desktop\feras\apps\web\src\components\experiment\collision\CollisionMenuBar.vue","73","        <button class=""menu-btn"" @click=""emit('toggleHelp')"">&#x2753; مساعدة</button>"
"C:\Users\feras\Desktop\feras\apps\web\src\components\experiment\collision\CollisionPanelBody.vue","28","  <div v-else class=""placeholder"">اللوحة {{ props.id }}</div>"
"C:\Users\feras\Desktop\feras\apps\web\src\components\experiment\collision\CollisionParamsPanel.vue","17","  { name: 'تبادل', desc: 'e=1, m₁=m₂', params: { m1: 1, m2: 1, v1i: 4, v2i: 0, e: 1 } },"
"C:\Users\feras\Desktop\feras\apps\web\src\components\experiment\collision\CollisionParamsPanel.vue","18","  { name: 'التحام', desc: 'e=0, مضادان', params: { m1: 2, m2: 1, v1i: 3, v2i: -3, e: 0 } },"
"C:\Users\feras\Desktop\feras\apps\web\src\components\experiment\collision\CollisionParamsPanel.vue","19","  { name: 'جدار', desc: 'm₂ ضخم', params: { m1: 0.1, m2: 500, v1i: 5, v2i: 0, e: 1 } },"
"C:\Users\feras\Desktop\feras\apps\web\src\components\experiment\collision\CollisionParamsPanel.vue","20","  { name: 'جزئي', desc: 'e=0.5', params: { m1: 1, m2: 1, v1i: 4, v2i: 0, e: 0.5 } },"
"C:\Users\feras\Desktop\feras\apps\web\src\components\experiment\collision\CollisionParamsPanel.vue","31","      <div class=""presets-label"">⚡ قوالب</div>"
"C:\Users\feras\Desktop\feras\apps\web\src\components\experiment\collision\CollisionParamsPanel.vue","69","      <label>e (ارتداد)</label>"
"C:\Users\feras\Desktop\feras\apps\web\src\components\experiment\collision\CollisionParamsPanel.vue","73","    <div class=""hint"">السرعة السالبة = حركة لليسار</div>"
"C:\Users\feras\Desktop\feras\apps\web\src\components\experiment\collision\CollisionReport.vue","24","      <h3>📋 تقرير تجربة التصادم</h3>"
"C:\Users\feras\Desktop\feras\apps\web\src\components\experiment\collision\CollisionReport.vue","28","      <div v-if=""!props.trials.length"" class=""empty"">لا توجد بيانات مسجلة</div>"
"C:\Users\feras\Desktop\feras\apps\web\src\components\experiment\collision\CollisionReport.vue","49","          <div class=""row""><b>متوسط v₁f:</b> {{ props.trialStats.avgV1f }} m/s</div>"
"C:\Users\feras\Desktop\feras\apps\web\src\components\experiment\collision\CollisionReport.vue","50","          <div class=""row""><b>متوسط v₂f:</b> {{ props.trialStats.avgV2f }} m/s</div>"
"C:\Users\feras\Desktop\feras\apps\web\src\components\experiment\collision\CollisionReport.vue","51","          <div class=""row""><b>متوسط الفقد:</b> {{ props.trialStats.avgLoss }}%</div>"
"C:\Users\feras\Desktop\feras\apps\web\src\components\experiment\collision\CollisionReport.vue","53","        <button class=""btn"" @click=""emit('open-full-report')"">🖨️ طباعة التقرير الكامل</button>"
"C:\Users\feras\Desktop\feras\apps\web\src\components\experiment\collision\CollisionSignalPanel.vue","28","    ctx.fillText('ابدأ المحاكاة لرؤية الإشارة', w / 2, h / 2)"
"C:\Users\feras\Desktop\feras\apps\web\src\components\experiment\collision\CollisionStatsPanel.vue","10","    <div v-if=""!sim.collided"" class=""empty"">انتظر التصادم لعرض الإحصائيات</div>"
"C:\Users\feras\Desktop\feras\apps\web\src\components\experiment\collision\CollisionStatsPanel.vue","13","        <div class=""label"">الزخم قبل</div>"
"C:\Users\feras\Desktop\feras\apps\web\src\components\experiment\collision\CollisionStatsPanel.vue","17","        <div class=""label"">الزخم بعد</div>"
"C:\Users\feras\Desktop\feras\apps\web\src\components\experiment\collision\CollisionStatsPanel.vue","21","        <div class=""label"">الطاقة قبل</div>"
"C:\Users\feras\Desktop\feras\apps\web\src\components\experiment\collision\CollisionStatsPanel.vue","25","        <div class=""label"">الطاقة بعد</div>"
"C:\Users\feras\Desktop\feras\apps\web\src\components\experiment\collision\CollisionStatsPanel.vue","29","        <div class=""label"">فقد الطاقة</div>"
"C:\Users\feras\Desktop\feras\apps\web\src\components\experiment\collision\CollisionStatsPanel.vue","35","      <h5>إحصائيات المحاولات ({{ trialStats.count }})</h5>"
"C:\Users\feras\Desktop\feras\apps\web\src\components\experiment\collision\CollisionStatsPanel.vue","36","      <div class=""row""><span>متوسط v₁f:</span><b>{{ trialStats.avgV1f }} m/s</b></div>"
"C:\Users\feras\Desktop\feras\apps\web\src\components\experiment\collision\CollisionStatsPanel.vue","37","      <div class=""row""><span>متوسط v₂f:</span><b>{{ trialStats.avgV2f }} m/s</b></div>"
"C:\Users\feras\Desktop\feras\apps\web\src\components\experiment\collision\CollisionStatsPanel.vue","38","      <div class=""row""><span>متوسط الفقد:</span><b>{{ trialStats.avgLoss }}%</b></div>"
"C:\Users\feras\Desktop\feras\apps\web\src\components\experiment\collision\CollisionStatsPanel.vue","39","      <div class=""row""><span>ΔP متوسط:</span><b>{{ trialStats.momentumDiff }}</b></div>"
"C:\Users\feras\Desktop\feras\apps\web\src\components\experiment\collision\CollisionStatusBar.vue","7","    <span v-if=""!running"" class=""badge idle"">🛑 جاهز</span>"
"C:\Users\feras\Desktop\feras\apps\web\src\components\experiment\collision\CollisionStatusBar.vue","8","    <span v-else-if=""paused"" class=""badge paused"">⏸️ متوقف</span>"
"C:\Users\feras\Desktop\feras\apps\web\src\components\experiment\collision\CollisionStatusBar.vue","9","    <span v-else-if=""collided"" class=""badge done"">✅ اكتمل التصادم</span>"
"C:\Users\feras\Desktop\feras\apps\web\src\components\experiment\collision\CollisionStatusBar.vue","10","    <span v-else class=""badge running"">▶️ يعمل</span>"
"C:\Users\feras\Desktop\feras\apps\web\src\components\experiment\freefall\FreeFallControlBar.vue","23","  if (confirm('هل أنت متأكد من مسح جميع القراءات؟')) emit('clearTrials')"
"C:\Users\feras\Desktop\feras\apps\web\src\components\experiment\freefall\FreeFallControlBar.vue","39","    <button class=""btn-secondary"" @click=""$emit('reset')"">&#x1F504; إعادة</button>"
"C:\Users\feras\Desktop\feras\apps\web\src\components\experiment\freefall\FreeFallControlBar.vue","40","    <button class=""btn-secondary"" @click=""$emit('recordTrial')"">&#x1F4CC; تسجيل</button>"
"C:\Users\feras\Desktop\feras\apps\web\src\components\experiment\freefall\FreeFallControlBar.vue","41","    <button class=""btn-undo"" :disabled=""!canUndo"" @click=""$emit('undo')"" title=""تراجع (Ctrl+Z)"">&#x21A9; تراجع</button>"
"C:\Users\feras\Desktop\feras\apps\web\src\components\experiment\freefall\FreeFallControlBar.vue","42","    <button class=""btn-undo"" :disabled=""!canRedo"" @click=""$emit('redo')"" title=""إعادة (Ctrl+Y)"">&#x21AA; إعادة</button>"
"C:\Users\feras\Desktop\feras\apps\web\src\components\experiment\freefall\FreeFallControlBar.vue","43","    <button class=""btn-undo"" @click=""onClear"">&#x1F5D1; مسح</button>"
"C:\Users\feras\Desktop\feras\apps\web\src\components\experiment\freefall\FreeFallControlBar.vue","45","    <button class=""btn-noise"" :class=""{ active: enableNoise }"" @click=""$emit('toggleNoise')"" :title=""enableNoise ? 'إطفاء الخطأ النسبي (قياسات دقيقة)' : 'تفعيل الخطأ النسبي'"">"
"C:\Users\feras\Desktop\feras\apps\web\src\components\experiment\freefall\FreeFallControlBar.vue","47","      <span class=""noise-label"">{{ enableNoise ? 'خطأ نسبي' : 'دقيق' }}</span>"
"C:\Users\feras\Desktop\feras\apps\web\src\components\experiment\freefall\FreeFallEquationsPanel.vue","14","    <h5>⚗️ حسابات</h5>"
"C:\Users\feras\Desktop\feras\apps\web\src\components\experiment\freefall\FreeFallEquationsPanel.vue","16","      <button @click=""emit('calcG')"">📐 حساب g</button>"
"C:\Users\feras\Desktop\feras\apps\web\src\components\experiment\freefall\FreeFallEquationsPanel.vue","17","      <button @click=""emit('calcT')"">⏱️ حساب t</button>"
"C:\Users\feras\Desktop\feras\apps\web\src\components\experiment\freefall\FreeFallEquationsPanel.vue","18","      <button @click=""emit('calcV')"">⚡ حساب v</button>"
"C:\Users\feras\Desktop\feras\apps\web\src\components\experiment\freefall\FreeFallEquationsPanel.vue","19","      <button @click=""emit('calcFitG')"">📈 ملائمة g</button>"
"C:\Users\feras\Desktop\feras\apps\web\src\components\experiment\freefall\FreeFallGuidePanel.vue","3","  'اضبط الارتفاع h باستخدام شريط التمرير.',"
"C:\Users\feras\Desktop\feras\apps\web\src\components\experiment\freefall\FreeFallGuidePanel.vue","4","  'اضغط ""إفلات"" لبدء السقوط.',"
"C:\Users\feras\Desktop\feras\apps\web\src\components\experiment\freefall\FreeFallGuidePanel.vue","5","  'انتظر ارتطام الكرة بلوحة الاصطدام.',"
"C:\Users\feras\Desktop\feras\apps\web\src\components\experiment\freefall\FreeFallGuidePanel.vue","6","  'اضغط ""تسجيل"" لحفظ الزمن.',"
"C:\Users\feras\Desktop\feras\apps\web\src\components\experiment\freefall\FreeFallGuidePanel.vue","7","  'غيّر الارتفاع وكرّر التجربة.',"
"C:\Users\feras\Desktop\feras\apps\web\src\components\experiment\freefall\FreeFallGuidePanel.vue","8","  'اضغط ""حساب g"" أو ""ملائمة g"" للتحليل.',"
"C:\Users\feras\Desktop\feras\apps\web\src\components\experiment\freefall\FreeFallGuidePanel.vue","14","    <h5>📋 دليل التجربة</h5>"
"C:\Users\feras\Desktop\feras\apps\web\src\components\experiment\freefall\FreeFallHelpModal.vue","10","        <h3>📖 دليل تجربة السقوط الحر — دليل شامل</h3>"
"C:\Users\feras\Desktop\feras\apps\web\src\components\experiment\freefall\FreeFallHelpModal.vue","15","          <h4>🔬 مفهوم التجربة</h4>"
"C:\Users\feras\Desktop\feras\apps\web\src\components\experiment\freefall\FreeFallHelpModal.vue","16","          <p>تجربة السقوط الحر تهدف إلى قياس عجلة الجاذبية <b>g</b> بشكل عملي. تُسقط كرة معدنية من ارتفاع معروف <b>h</b> وتُقاس زمن السقوط <b>t</b> باستخدام مؤقت رقمي دقيق. بمعرفة <b>h</b> و <b>t</b> يمكن حساب <b>g</b> من العلاقة:</p>"
"C:\Users\feras\Desktop\feras\apps\web\src\components\experiment\freefall\FreeFallHelpModal.vue","18","          <p>عند تكرار التجربة بارتفاعات مختلفة و رسم <b>h</b> مقابل <b>t²</b>، يكون ميل الخط = <b>g/2</b>، ومنه نحصل على <b>g</b> تجريبياً.</p>"
"C:\Users\feras\Desktop\feras\apps\web\src\components\experiment\freefall\FreeFallHelpModal.vue","22","          <h4>⚙️ عناصر مساحة العمل</h4>"
"C:\Users\feras\Desktop\feras\apps\web\src\components\experiment\freefall\FreeFallHelpModal.vue","24","            <div class=""element""><b class=""tag"">🔷 المنطقة المركزية (Canvas)</b> — عرض المحاكاة: المغناطيس الكهربائي، العمود، الكرة، لوحة الاصطدام، والمؤقت الرقمي.</div>"
"C:\Users\feras\Desktop\feras\apps\web\src\components\experiment\freefall\FreeFallHelpModal.vue","25","            <div class=""element""><b class=""tag"">📋 جدول القراءات</b> — يسجل كل قياس: h, t, t², v, g_calc, والخطأ النسبي.</div>"
"C:\Users\feras\Desktop\feras\apps\web\src\components\experiment\freefall\FreeFallHelpModal.vue","26","            <div class=""element""><b class=""tag"">📈 رسم Scatter</b> — رسم بياني لـ h مقابل t² مع خط الانحدار الخطي.</div>"
"C:\Users\feras\Desktop\feras\apps\web\src\components\experiment\freefall\FreeFallHelpModal.vue","27","            <div class=""element""><b class=""tag"">📊 إشارة السقوط</b> — رسم بياني زمني لموقع الكرة y(t) وسرعتها v(t).</div>"
"C:\Users\feras\Desktop\feras\apps\web\src\components\experiment\freefall\FreeFallHelpModal.vue","28","            <div class=""element""><b class=""tag"">⚗️ المعادلات والحسابات</b> — أزرار حساب g, t, v, وملائمة الانحدار + قائمة المعادلات الفيزيائية.</div>"
"C:\Users\feras\Desktop\feras\apps\web\src\components\experiment\freefall\FreeFallHelpModal.vue","29","            <div class=""element""><b class=""tag"">📊 الإحصائيات</b> — متوسط الزمن، الانحراف المعياري، متوسط g_calc، وانحرافه.</div>"
"C:\Users\feras\Desktop\feras\apps\web\src\components\experiment\freefall\FreeFallHelpModal.vue","30","            <div class=""element""><b class=""tag"">⚙️ المعاملات</b> — التحكم في h, g, الكتلة، مقاومة الهواء، ومعامل Drag.</div>"
"C:\Users\feras\Desktop\feras\apps\web\src\components\experiment\freefall\FreeFallHelpModal.vue","35","          <h4>🎮 أزرار التحكم (شريط التحكم السفلي)</h4>"
"C:\Users\feras\Desktop\feras\apps\web\src\components\experiment\freefall\FreeFallHelpModal.vue","37","            <li><b>▶️ إفلات / ⏸️ توقف</b> — إفلات الكرة لبدء السقوط، أو إيقاف مؤقت.</li>"
"C:\Users\feras\Desktop\feras\apps\web\src\components\experiment\freefall\FreeFallHelpModal.vue","38","            <li><b>🔄 إعادة</b> — إعادة تعيين المحاكاة (وضع الكرة أعلى العمود).</li>"
"C:\Users\feras\Desktop\feras\apps\web\src\components\experiment\freefall\FreeFallHelpModal.vue","39","            <li><b>📌 تسجيل</b> — حفظ القياس الحالي في جدول القراءات (يظهر بعد الارتطام فقط).</li>"
"C:\Users\feras\Desktop\feras\apps\web\src\components\experiment\freefall\FreeFallHelpModal.vue","40","            <li><b>↩️ تراجع / ↪️ إعادة</b> — التراجع عن آخر تسجيل أو استعادته (Ctrl+Z / Ctrl+Y).</li>"
"C:\Users\feras\Desktop\feras\apps\web\src\components\experiment\freefall\FreeFallHelpModal.vue","41","            <li><b>🗑️ مسح</b> — حذف جميع القراءات المسجلة.</li>"
"C:\Users\feras\Desktop\feras\apps\web\src\components\experiment\freefall\FreeFallHelpModal.vue","42","            <li><b>💾 CSV</b> — تصدير القراءات إلى ملف CSV.</li>"
"C:\Users\feras\Desktop\feras\apps\web\src\components\experiment\freefall\FreeFallHelpModal.vue","43","            <li><b>⚡ خطأ نسبي</b> — تفعيل/إطفاء الضجئ (noise) على القياسات. 🟢 = مع خطأ نسبي 2%، ⚫ = قياسات دقيقة 100%.</li>"
"C:\Users\feras\Desktop\feras\apps\web\src\components\experiment\freefall\FreeFallHelpModal.vue","44","            <li><b>⚡ السرعة ×</b> — تسريع/إبطاء المحاكاة (من 0.25× إلى 3×).</li>"
"C:\Users\feras\Desktop\feras\apps\web\src\components\experiment\freefall\FreeFallHelpModal.vue","49","          <h4>📐 خطوات العمل — خطوة بخطوة</h4>"
"C:\Users\feras\Desktop\feras\apps\web\src\components\experiment\freefall\FreeFallHelpModal.vue","51","            <li><b>اضبط المعاملات:</b> افتح لوحة <b>المعاملات</b> وحدد الارتفاع h (مثلاً 0.50 m)، تأكد أن g = 9.81 m/s².</li>"
"C:\Users\feras\Desktop\feras\apps\web\src\components\experiment\freefall\FreeFallHelpModal.vue","52","            <li><b>بدء السقوط:</b> اضغط <b>▶️ إفلات</b> أو مفتاح <b>Space</b>. ستسقط الكرة من المغناطيس.</li>"
"C:\Users\feras\Desktop\feras\apps\web\src\components\experiment\freefall\FreeFallHelpModal.vue","53","            <li><b>انتظر الارتطام:</b> شاهد الكرة تسقط حتى ترتطم باللوحة. المؤقت الرقمي يعرض t بالثواني.</li>"
"C:\Users\feras\Desktop\feras\apps\web\src\components\experiment\freefall\FreeFallHelpModal.vue","54","            <li><b>تسجيل القياس:</b> بعد الارتطام اضغط <b>📌 تسجيل</b> أو مفتاح <b>S</b>. سيُحفظ الزمن في الجدول.</li>"
"C:\Users\feras\Desktop\feras\apps\web\src\components\experiment\freefall\FreeFallHelpModal.vue","55","            <li><b>كرر التجربة:</b> غيّر الارتفاع h (مثلاً 0.20, 0.40, 0.60, 0.80, 1.00 m) وكرر الخطوات 2–4 لكل ارتفاع. <b>تحتاج قياستان على الأقل للانحدار.</b></li>"
"C:\Users\feras\Desktop\feras\apps\web\src\components\experiment\freefall\FreeFallHelpModal.vue","56","            <li><b>حساب g من قياس واحد:</b> اضغط <b>📐 حساب g</b> في لوحة <b>المعادلات</b>. يُظهر التعويض والنتيجة والخطأ النسبي.</li>"
"C:\Users\feras\Desktop\feras\apps\web\src\components\experiment\freefall\FreeFallHelpModal.vue","57","            <li><b>حساب g من الانحدار (أفضل دقة):</b> اضغط <b>📈 ملائمة g</b>. يُحسب معادلة h = slope·t²، ويُظهر الميل، R²، و g = 2×slope.</li>"
"C:\Users\feras\Desktop\feras\apps\web\src\components\experiment\freefall\FreeFallHelpModal.vue","58","            <li><b>راجع الرسم:</b> افتح لوحة <b>Scatter</b> لتشاهد النقاط وخط الانحدار الأحمر. R² القريب من 1 = قياسات دقيقة.</li>"
"C:\Users\feras\Desktop\feras\apps\web\src\components\experiment\freefall\FreeFallHelpModal.vue","59","            <li><b>راجع الإشارة:</b> افتح لوحة <b>إشارة السقوط</b> لتشاهد منحنى y(t) الأزرق و v(t) البرتقالي.</li>"
"C:\Users\feras\Desktop\feras\apps\web\src\components\experiment\freefall\FreeFallHelpModal.vue","60","            <li><b>راجع الإحصائيات:</b> افتح لوحة <b>الإحصائيات</b> لترى متوسط g_calc وانحرافه المعياري.</li>"
"C:\Users\feras\Desktop\feras\apps\web\src\components\experiment\freefall\FreeFallHelpModal.vue","61","            <li><b>اطبع التقرير:</b> اضغط <b>📝 طباعة التقرير</b> لإنشاء تقرير PDF/HTML شامل.</li>"
"C:\Users\feras\Desktop\feras\apps\web\src\components\experiment\freefall\FreeFallHelpModal.vue","66","          <h4>📊 كيفية حساب g بثلاث طرق</h4>"
"C:\Users\feras\Desktop\feras\apps\web\src\components\experiment\freefall\FreeFallHelpModal.vue","67","          <div class=""method""><b>الطريقة 1 — قياس واحد:</b> g = 2h / t²</div>"
"C:\Users\feras\Desktop\feras\apps\web\src\components\experiment\freefall\FreeFallHelpModal.vue","68","          <div class=""method""><b>الطريقة 2 — انحدار خطي (أفضل):</b> رسم h مقابل t² ← الميل = g/2 ← g = 2 × slope</div>"
"C:\Users\feras\Desktop\feras\apps\web\src\components\experiment\freefall\FreeFallHelpModal.vue","69","          <div class=""method""><b>الطريقة 3 — متوسط القياسات:</b> متوسط عمود g_calc في الجدول.</div>"
"C:\Users\feras\Desktop\feras\apps\web\src\components\experiment\freefall\FreeFallHelpModal.vue","73","          <h4>⌨️ اختصارات لوحة المفاتيح</h4>"
"C:\Users\feras\Desktop\feras\apps\web\src\components\experiment\freefall\FreeFallHelpModal.vue","75","            <span><kbd>Space</kbd> إفلات / توقف</span>"
"C:\Users\feras\Desktop\feras\apps\web\src\components\experiment\freefall\FreeFallHelpModal.vue","76","            <span><kbd>S</kbd> تسجيل قياس</span>"
"C:\Users\feras\Desktop\feras\apps\web\src\components\experiment\freefall\FreeFallHelpModal.vue","77","            <span><kbd>R</kbd> إعادة تعيين</span>"
"C:\Users\feras\Desktop\feras\apps\web\src\components\experiment\freefall\FreeFallHelpModal.vue","78","            <span><kbd>Ctrl</kbd>+<kbd>Z</kbd> تراجع</span>"
"C:\Users\feras\Desktop\feras\apps\web\src\components\experiment\freefall\FreeFallHelpModal.vue","79","            <span><kbd>Ctrl</kbd>+<kbd>Y</kbd> إعادة</span>"
"C:\Users\feras\Desktop\feras\apps\web\src\components\experiment\freefall\FreeFallHelpModal.vue","80","            <span><kbd>Shift</kbd>+<kbd>Ctrl</kbd>+<kbd>Z</kbd> إعادة</span>"
"C:\Users\feras\Desktop\feras\apps\web\src\components\experiment\freefall\FreeFallHelpModal.vue","81","            <span><kbd>?</kbd> فتح/إغلاق المساعدة</span>"
"C:\Users\feras\Desktop\feras\apps\web\src\components\experiment\freefall\FreeFallHelpModal.vue","86","          <h4>⚠️ نصائح مهمة</h4>"
"C:\Users\feras\Desktop\feras\apps\web\src\components\experiment\freefall\FreeFallHelpModal.vue","88","            <li>قم بـ <b>5–7 قياسات</b> على الأقل بارتفاعات مختلفة للحصول على نتائج دقيقة.</li>"
"C:\Users\feras\Desktop\feras\apps\web\src\components\experiment\freefall\FreeFallHelpModal.vue","89","            <li>ابدأ بارتفاعات <b>صغيرة</b> (0.20–0.50 m) ثم زد تدريجياً لتجنب أخطاء التوقيت الكبيرة.</li>"
"C:\Users\feras\Desktop\feras\apps\web\src\components\experiment\freefall\FreeFallHelpModal.vue","90","            <li>عند <b>تفعيل الخطأ النسبي</b> (🟢)، القياسات واقعية مع ضجئ ±2% — استخدمها لتعلم تحليل الأخطاء.</li>"
"C:\Users\feras\Desktop\feras\apps\web\src\components\experiment\freefall\FreeFallHelpModal.vue","91","            <li>عند <b>إطفاء الخطأ النسبي</b> (⚫)، القياسات رياضية دقيقة 100% — مثالية للتحقق من الحسابات.</li>"
"C:\Users\feras\Desktop\feras\apps\web\src\components\experiment\freefall\FreeFallHelpModal.vue","92","            <li>قارن g_calc المتوسط مع g النظري (9.81). الخطأ &lt; 5% = جيد، &lt; 2% = ممتاز.</li>"
"C:\Users\feras\Desktop\feras\apps\web\src\components\experiment\freefall\FreeFallHelpModal.vue","93","            <li>إذا كان <b>R² &lt; 0.95</b>، راجع القياسات — قد يكون هناك خطأ في التوقيت أو الارتفاع.</li>"
"C:\Users\feras\Desktop\feras\apps\web\src\components\experiment\freefall\FreeFallHelpModal.vue","98","          <h4>🔧 أزرار شريط القائمة العلوي</h4>"
"C:\Users\feras\Desktop\feras\apps\web\src\components\experiment\freefall\FreeFallHelpModal.vue","100","            <li><b>ملف</b> — تصدير CSV + استعادة الواجهة الافتراضية.</li>"
"C:\Users\feras\Desktop\feras\apps\web\src\components\experiment\freefall\FreeFallHelpModal.vue","101","            <li><b>عرض</b> — إظهار/إخفاء اللوحات (جدول، حسابات، إشارة، معاملات، دليل، إحصائيات، Scatter، تحليل، أخطاء).</li>"
"C:\Users\feras\Desktop\feras\apps\web\src\components\experiment\freefall\FreeFallHelpModal.vue","102","            <li><b>تشغيل</b> — بدء، إعادة، تسجيل، تشغيل تلقائي (5 قياسات متتالية).</li>"
"C:\Users\feras\Desktop\feras\apps\web\src\components\experiment\freefall\FreeFallHelpModal.vue","103","            <li><b>📝 طباعة التقرير</b> — إنشاء تقرير شامل قابل للطباعة.</li>"
"C:\Users\feras\Desktop\feras\apps\web\src\components\experiment\freefall\FreeFallHelpModal.vue","104","            <li><b>❓ مساعدة</b> — هذا الدليل الشامل.</li>"
"C:\Users\feras\Desktop\feras\apps\web\src\components\experiment\freefall\FreeFallMenuBar.vue","39","        <button class=""menu-btn"" :class=""{open:activeMenu==='file'}"" @click.stop=""toggleMenu('file')"">ملف</button>"
"C:\Users\feras\Desktop\feras\apps\web\src\components\experiment\freefall\FreeFallMenuBar.vue","41","          <div class=""menu-row"" @click=""emit('exportCsv'); closeMenu()""><span class=""mi"">&#x1F4BE;</span><span>تصدير CSV</span></div>"
"C:\Users\feras\Desktop\feras\apps\web\src\components\experiment\freefall\FreeFallMenuBar.vue","43","          <div class=""menu-row restore"" @click=""emit('showAllPanels'); closeMenu()""><span class=""mi"">&#x1F504;</span><span>استعادة الواجهة</span></div>"
"C:\Users\feras\Desktop\feras\apps\web\src\components\experiment\freefall\FreeFallMenuBar.vue","47","        <button class=""menu-btn"" :class=""{open:activeMenu==='view'}"" @click.stop=""toggleMenu('view')"">عرض</button>"
"C:\Users\feras\Desktop\feras\apps\web\src\components\experiment\freefall\FreeFallMenuBar.vue","49","          <div class=""menu-row check"" @click=""emit('togglePanel','table');""><span class=""mi"">&#x1F4CB;</span><span>جدول</span></div>"
"C:\Users\feras\Desktop\feras\apps\web\src\components\experiment\freefall\FreeFallMenuBar.vue","50","          <div class=""menu-row check"" @click=""emit('togglePanel','equations');""><span class=""mi"">&#x2697;&#xFE0F;</span><span>حسابات</span></div>"
"C:\Users\feras\Desktop\feras\apps\web\src\components\experiment\freefall\FreeFallMenuBar.vue","51","          <div class=""menu-row check"" @click=""emit('togglePanel','signal');""><span class=""mi"">&#x1F4C8;</span><span>إشارة</span></div>"
"C:\Users\feras\Desktop\feras\apps\web\src\components\experiment\freefall\FreeFallMenuBar.vue","52","          <div class=""menu-row check"" @click=""emit('togglePanel','params');""><span class=""mi"">&#x2699;&#xFE0F;</span><span>معاملات</span></div>"
"C:\Users\feras\Desktop\feras\apps\web\src\components\experiment\freefall\FreeFallMenuBar.vue","53","          <div class=""menu-row check"" @click=""emit('togglePanel','guide');""><span class=""mi"">&#x1F4CB;</span><span>دليل</span></div>"
"C:\Users\feras\Desktop\feras\apps\web\src\components\experiment\freefall\FreeFallMenuBar.vue","54","          <div class=""menu-row check"" @click=""emit('togglePanel','stats');""><span class=""mi"">&#x1F4CA;</span><span>إحصائيات</span></div>"
"C:\Users\feras\Desktop\feras\apps\web\src\components\experiment\freefall\FreeFallMenuBar.vue","56","          <div class=""menu-row check"" @click=""emit('togglePanel','tutor');""><span class=""mi"">&#x1F9EA;</span><span>تحليل</span></div>"
"C:\Users\feras\Desktop\feras\apps\web\src\components\experiment\freefall\FreeFallMenuBar.vue","57","          <div class=""menu-row check"" @click=""emit('togglePanel','error');""><span class=""mi"">&#x2696;&#xFE0F;</span><span>أخطاء</span></div>"
"C:\Users\feras\Desktop\feras\apps\web\src\components\experiment\freefall\FreeFallMenuBar.vue","67","        <button class=""menu-btn"" :class=""{open:activeMenu==='run'}"" @click.stop=""toggleMenu('run')"">تشغيل</button>"
"C:\Users\feras\Desktop\feras\apps\web\src\components\experiment\freefall\FreeFallMenuBar.vue","69","          <div class=""menu-row"" @click=""emit('togglePause'); closeMenu()""><span class=""mi"">&#x25B6;</span><span>بدء/توقف</span></div>"
"C:\Users\feras\Desktop\feras\apps\web\src\components\experiment\freefall\FreeFallMenuBar.vue","70","          <div class=""menu-row"" @click=""emit('reset'); closeMenu()""><span class=""mi"">&#x1F504;</span><span>إعادة</span></div>"
"C:\Users\feras\Desktop\feras\apps\web\src\components\experiment\freefall\FreeFallMenuBar.vue","71","          <div class=""menu-row"" @click=""emit('recordTrial'); closeMenu()""><span class=""mi"">&#x1F4CC;</span><span>تسجيل</span></div>"
"C:\Users\feras\Desktop\feras\apps\web\src\components\experiment\freefall\FreeFallMenuBar.vue","73","          <div class=""menu-row"" @click=""emit('runLab'); closeMenu()""><span class=""mi"">&#x26A1;</span><span>تشغيل تلقائي</span></div>"
"C:\Users\feras\Desktop\feras\apps\web\src\components\experiment\freefall\FreeFallMenuBar.vue","77","        <button class=""menu-btn analyze-btn"" @click=""emit('analyzeResults')"">📊 قسم الرسم والحسابات</button>"
"C:\Users\feras\Desktop\feras\apps\web\src\components\experiment\freefall\FreeFallMenuBar.vue","80","        <button class=""menu-btn"" :class=""{open:activeMenu==='help'}"" @click.stop=""toggleMenu('help')"">&#x2753; مساعدة</button>"
"C:\Users\feras\Desktop\feras\apps\web\src\components\experiment\freefall\FreeFallMenuBar.vue","82","          <div class=""menu-row"" @click=""emit('toggleHelp'); closeMenu()""><span class=""mi"">&#x1F4D6;</span><span>دليل الاستخدام</span></div>"
"C:\Users\feras\Desktop\feras\apps\web\src\components\experiment\freefall\FreeFallPanelBody.vue","57","  'دقة المؤقت الرقمي',"
"C:\Users\feras\Desktop\feras\apps\web\src\components\experiment\freefall\FreeFallPanelBody.vue","58","  'دقة قياس الارتفاع',"
"C:\Users\feras\Desktop\feras\apps\web\src\components\experiment\freefall\FreeFallPanelBody.vue","59","  'احتكاك الهواء',"
"C:\Users\feras\Desktop\feras\apps\web\src\components\experiment\freefall\FreeFallPanelBody.vue","60","  'اهتزاز الجهاز عند الاصطدام',"
"C:\Users\feras\Desktop\feras\apps\web\src\components\experiment\freefall\FreeFallPanelBody.vue","61","  'تأثير الجاذبية المحلية',"
"C:\Users\feras\Desktop\feras\apps\web\src\components\experiment\freefall\FreeFallPanelBody.vue","70","      <button class=""btn-calc"" @click=""emit('calcG')"">📐 حساب g</button>"
"C:\Users\feras\Desktop\feras\apps\web\src\components\experiment\freefall\FreeFallPanelBody.vue","71","      <button class=""btn-calc"" @click=""emit('calcT')"">⏱️ حساب t</button>"
"C:\Users\feras\Desktop\feras\apps\web\src\components\experiment\freefall\FreeFallPanelBody.vue","72","      <button class=""btn-calc"" @click=""emit('calcV')"">⚡ حساب v</button>"
"C:\Users\feras\Desktop\feras\apps\web\src\components\experiment\freefall\FreeFallPanelBody.vue","73","      <button class=""btn-calc"" @click=""emit('calcFitG')"">📈 ملائمة g</button>"
"C:\Users\feras\Desktop\feras\apps\web\src\components\experiment\freefall\FreeFallPanelBody.vue","90","    <div class=""stat-section-title"">القياسة الحالية</div>"
"C:\Users\feras\Desktop\feras\apps\web\src\components\experiment\freefall\FreeFallPanelBody.vue","94","      <div class=""stat-section-title"">إحصائيات القياسات ({{ trials.length }})</div>"
"C:\Users\feras\Desktop\feras\apps\web\src\components\experiment\freefall\FreeFallPanelBody.vue","107","    <div class=""stat-section-title"">مصادر الأخطاء المحتملة</div>"
"C:\Users\feras\Desktop\feras\apps\web\src\components\experiment\freefall\FreeFallPanelBody.vue","114","  <div v-else class=""empty"">لوحة غير معروفة</div>"
"C:\Users\feras\Desktop\feras\apps\web\src\components\experiment\freefall\FreeFallParamsPanel.vue","12","    <div class=""param-row""><label>الارتفاع h (m)</label><div class=""param-inputs""><input type=""range"" min=""0.1"" max=""999"" step=""0.01"" :value=""params.h"" @input=""emit('update:params', { h: Number(($event.target as HTMLInputElement).value) })"" /><input type=""number"" step=""0.01"" :value=""params.h"" @input=""emit('update:params', { h: Number(($event.target as HTMLInputElement).value) })"" /></div></div>"
"C:\Users\feras\Desktop\feras\apps\web\src\components\experiment\freefall\FreeFallParamsPanel.vue","14","    <div class=""param-row""><label>الكتلة (kg)</label><div class=""param-inputs""><input type=""range"" min=""0.01"" max=""999"" step=""0.01"" :value=""params.mass"" @input=""emit('update:params', { mass: Number(($event.target as HTMLInputElement).value) })"" /><input type=""number"" step=""0.01"" :value=""params.mass"" @input=""emit('update:params', { mass: Number(($event.target as HTMLInputElement).value) })"" /></div></div>"
"C:\Users\feras\Desktop\feras\apps\web\src\components\experiment\freefall\FreeFallParamsPanel.vue","15","    <div class=""param-row checkbox""><label><input type=""checkbox"" :checked=""params.airResistance"" @change=""emit('update:params', { airResistance: ($event.target as HTMLInputElement).checked })"" /> مقاومة الهواء</label></div>"
"C:\Users\feras\Desktop\feras\apps\web\src\components\experiment\freefall\FreeFallParamsPanel.vue","16","    <div class=""param-row"" v-if=""params.airResistance""><label>معامل Drag</label><div class=""param-inputs""><input type=""range"" min=""0"" max=""2"" step=""0.01"" :value=""params.dragCoeff"" @input=""emit('update:params', { dragCoeff: Number(($event.target as HTMLInputElement).value) })"" /><input type=""number"" step=""0.01"" :value=""params.dragCoeff"" @input=""emit('update:params', { dragCoeff: Number(($event.target as HTMLInputElement).value) })"" /></div></div>"
"C:\Users\feras\Desktop\feras\apps\web\src\components\experiment\freefall\FreeFallReport.vue","55","        <h5>الشروط الأولية</h5>"
"C:\Users\feras\Desktop\feras\apps\web\src\components\experiment\freefall\FreeFallReport.vue","57","          <div class=""info-field""><label>الارتفاع (h)</label><span>{{ params.h }} m</span></div>"
"C:\Users\feras\Desktop\feras\apps\web\src\components\experiment\freefall\FreeFallReport.vue","59","          <div class=""info-field""><label>الكتلة</label><span>{{ params.mass }} kg</span></div>"
"C:\Users\feras\Desktop\feras\apps\web\src\components\experiment\freefall\FreeFallReport.vue","60","          <div class=""info-field""><label>مقاومة الهواء</label><span>{{ params.airResistance ? 'مفعلة' : 'غير مفعلة' }}</span></div>"
"C:\Users\feras\Desktop\feras\apps\web\src\components\experiment\freefall\FreeFallReport.vue","64","        <h5>جدول القراءات ({{ trialsEdit.length }}) <span class=""edit-hint"">✏️ قابل للتعديل</span></h5>"
"C:\Users\feras\Desktop\feras\apps\web\src\components\experiment\freefall\FreeFallReport.vue","67","            <tr><th>#</th><th>h (m)</th><th>t (s)</th><th>t² (s²)</th><th>v_impact (m/s)</th><th>g_calc (m/s²)</th><th>الخطأ (%)</th></tr>"
"C:\Users\feras\Desktop\feras\apps\web\src\components\experiment\freefall\FreeFallReport.vue","83","        <h5>المقارنة والاستنتاج</h5>"
"C:\Users\feras\Desktop\feras\apps\web\src\components\experiment\freefall\FreeFallReport.vue","84","        <div class=""result-line""><b>g المتوسط:</b> {{ gAvg.toFixed(2) }} m/s²</div>"
"C:\Users\feras\Desktop\feras\apps\web\src\components\experiment\freefall\FreeFallReport.vue","85","        <div class=""result-line""><b>g النظري:</b> {{ gTheoretical.toFixed(2) }} m/s²</div>"
"C:\Users\feras\Desktop\feras\apps\web\src\components\experiment\freefall\FreeFallReport.vue","86","        <div class=""result-line"" v-if=""errorPercent !== null""><b>نسبة الخطأ:</b> {{ errorPercent.toFixed(2) }}%</div>"
"C:\Users\feras\Desktop\feras\apps\web\src\components\experiment\freefall\FreeFallReport.vue","89","        <span>g النظرية: <b>{{ gTheoretical }} m/s²</b></span>"
"C:\Users\feras\Desktop\feras\apps\web\src\components\experiment\freefall\FreeFallReportPanel.vue","10","    <h5>📋 تقرير سريع</h5>"
"C:\Users\feras\Desktop\feras\apps\web\src\components\experiment\freefall\FreeFallReportPanel.vue","12","      <div>القراءات: {{ trials.length }}</div>"
"C:\Users\feras\Desktop\feras\apps\web\src\components\experiment\freefall\FreeFallReportPanel.vue","13","      <div>g المتوسط: {{ trialStats?.g_mean?.toFixed(2) ?? '--' }} m/s²</div>"
"C:\Users\feras\Desktop\feras\apps\web\src\components\experiment\freefall\FreeFallReportPanel.vue","14","      <div>g النظري: {{ gTheoretical }} m/s²</div>"
"C:\Users\feras\Desktop\feras\apps\web\src\components\experiment\freefall\FreeFallReportPanel.vue","16","    <p v-else class=""no-data"">لا توجد بيانات</p>"
"C:\Users\feras\Desktop\feras\apps\web\src\components\experiment\freefall\FreeFallReportPanel.vue","18","      <button @click=""emit('printReport')"">🖨️ طباعة</button>"
"C:\Users\feras\Desktop\feras\apps\web\src\components\experiment\freefall\FreeFallReportPanel.vue","19","      <button class=""primary"" @click=""emit('openFullReport')"">📋 تقرير كامل</button>"
"C:\Users\feras\Desktop\feras\apps\web\src\components\experiment\freefall\FreeFallScatterPanel.vue","35","    ctx.fillText('سجل قياستان على الأقل', W / 2, H / 2)"
"C:\Users\feras\Desktop\feras\apps\web\src\components\experiment\freefall\FreeFallSignalPanel.vue","40","    ctx.fillText('الإشارة تظهر هنا بعد بدء السقوط', w / 2, h / 2)"
"C:\Users\feras\Desktop\feras\apps\web\src\components\experiment\freefall\FreeFallStatsPanel.vue","10","    <h5>📊 الإحصائيات</h5>"
"C:\Users\feras\Desktop\feras\apps\web\src\components\experiment\freefall\FreeFallStatsPanel.vue","12","      <div class=""stat-card""><span class=""stat-label"">متوسط الزمن</span><span class=""stat-val"">{{ trialStats.time_mean.toFixed(3) }} s</span></div>"
"C:\Users\feras\Desktop\feras\apps\web\src\components\experiment\freefall\FreeFallStatsPanel.vue","13","      <div class=""stat-card""><span class=""stat-label"">انحراف الزمن</span><span class=""stat-val"">{{ trialStats.time_std.toFixed(4) }} s</span></div>"
"C:\Users\feras\Desktop\feras\apps\web\src\components\experiment\freefall\FreeFallStatsPanel.vue","14","      <div class=""stat-card""><span class=""stat-label"">g المتوسط</span><span class=""stat-val"">{{ trialStats.g_mean.toFixed(2) }} m/s²</span></div>"
"C:\Users\feras\Desktop\feras\apps\web\src\components\experiment\freefall\FreeFallStatsPanel.vue","15","      <div class=""stat-card""><span class=""stat-label"">انحراف g</span><span class=""stat-val"">{{ trialStats.g_std.toFixed(2) }} m/s²</span></div>"
"C:\Users\feras\Desktop\feras\apps\web\src\components\experiment\freefall\FreeFallStatsPanel.vue","16","      <div class=""stat-card""><span class=""stat-label"">g النظري</span><span class=""stat-val"">{{ gTheoretical.toFixed(2) }} m/s²</span></div>"
"C:\Users\feras\Desktop\feras\apps\web\src\components\experiment\freefall\FreeFallStatsPanel.vue","18","    <p v-else class=""no-data"">لا توجد بيانات كافية</p>"
"C:\Users\feras\Desktop\feras\apps\web\src\components\experiment\freefall\FreeFallStatusBar.vue","10","    <span class=""status-text"">{{ !running ? 'جاهز' : paused ? 'متوقف' : 'يعمل' }}</span>"
"C:\Users\feras\Desktop\feras\apps\web\src\components\experiment\freefall\FreeFallTablePanel.vue","11","      <h5>📋 قراءات التجربة ({{ trials.length }})</h5>"
"C:\Users\feras\Desktop\feras\apps\web\src\components\experiment\freefall\FreeFallTablePanel.vue","12","      <span class=""mode-badge"" :class=""enableNoise ? 'noisy' : 'exact'"">{{ enableNoise ? '⚠️ مع خطأ نسبي' : '✅ قياسات دقيقة' }}</span>"
"C:\Users\feras\Desktop\feras\apps\web\src\components\experiment\freefall\FreeFallTablePanel.vue","28","    <p v-else class=""no-data"">لا توجد قراءات مسجلة</p>"
"C:\Users\feras\Desktop\feras\apps\web\src\components\experiment\freefall\FreeFallTablePanel.vue","29","    <button class=""ctrl-btn"" @click=""emit('clear')"" v-if=""trials.length"">مسح الكل</button>"
"C:\Users\feras\Desktop\feras\apps\web\src\components\experiment\inclined\InclinedCanvas.vue","183","  c.fillText('📊 القراءات الحية', W / 2, 20)"
"C:\Users\feras\Desktop\feras\apps\web\src\components\experiment\inclined\InclinedCanvas.vue","203","  drawCell(0, 't (زمن)', `${props.simState.t.toFixed(2)} s`, '#22c55e')"
"C:\Users\feras\Desktop\feras\apps\web\src\components\experiment\inclined\InclinedCanvas.vue","204","  drawCell(1, 's (مسافة)', `${props.simState.s.toFixed(2)} m`, '#3b82f6')"
"C:\Users\feras\Desktop\feras\apps\web\src\components\experiment\inclined\InclinedCanvas.vue","205","  drawCell(2, 'v (سرعة)', `${props.simState.v.toFixed(2)} m/s`, '#f59e0b')"
"C:\Users\feras\Desktop\feras\apps\web\src\components\experiment\inclined\InclinedCanvas.vue","209","  drawCell(3, 'a (تسارع)', `${aLive.toFixed(2)}`, '#ef4444')"
"C:\Users\feras\Desktop\feras\apps\web\src\components\experiment\inclined\InclinedCanvas.vue","210","  drawCell(4, 'N (تفاعل)', `${summary.normalForce.toFixed(1)} N`, '#06b6d4')"
"C:\Users\feras\Desktop\feras\apps\web\src\components\experiment\inclined\InclinedCanvas.vue","211","  drawCell(5, 'F∥ (متوازية)', `${summary.parallelForce.toFixed(1)} N`, '#ec4899')"
"C:\Users\feras\Desktop\feras\apps\web\src\components\experiment\inclined\InclinedCanvas.vue","213","    drawCell(6, 'Fd (سحب)', `${summary.dragForce.toFixed(1)} N`, '#a855f7')"
"C:\Users\feras\Desktop\feras\apps\web\src\components\experiment\inclined\InclinedCanvas.vue","215","    drawCell(6, 'f (احتكاك)', `${summary.frictionForce.toFixed(1)} N`, '#f97316')"
"C:\Users\feras\Desktop\feras\apps\web\src\components\experiment\inclined\InclinedCanvas.vue","217","    drawCell(6, 'μ (معامل)', `${props.params.mu.toFixed(2)}`, '#a78bfa')"
"C:\Users\feras\Desktop\feras\apps\web\src\components\experiment\inclined\InclinedCanvas.vue","232","  drawCell2(0, 'θ (زاوية المنحدر)', `${props.params.thetaDeg}°`, '#a78bfa')"
"C:\Users\feras\Desktop\feras\apps\web\src\components\experiment\inclined\InclinedCanvas.vue","233","  drawCell2(1, 'L (طول المنحدر)', `${props.params.length.toFixed(1)} m`, '#a78bfa')"
"C:\Users\feras\Desktop\feras\apps\web\src\components\experiment\inclined\InclinedCanvas.vue","234","  drawCell2(2, 'm (الكتلة)', `${props.params.mass.toFixed(1)} kg`, '#a78bfa')"
"C:\Users\feras\Desktop\feras\apps\web\src\components\experiment\inclined\InclinedCanvas.vue","235","  drawCell2(3, 'g (الجاذبية)', `${props.params.g.toFixed(2)} m/s²`, '#a78bfa')"
"C:\Users\feras\Desktop\feras\apps\web\src\components\experiment\inclined\InclinedCanvas.vue","236","  drawCell2(4, 'μ (الاحتكاك)', `${props.params.mu.toFixed(2)}`, '#a78bfa')"
"C:\Users\feras\Desktop\feras\apps\web\src\components\experiment\inclined\InclinedControlBar.vue","24","    <button class=""ctrl-btn"" @click=""emit('reset')"">🔄 إعادة</button>"
"C:\Users\feras\Desktop\feras\apps\web\src\components\experiment\inclined\InclinedControlBar.vue","25","    <button class=""ctrl-btn"" @click=""emit('recordTrial')"">📌 تسجيل</button>"
"C:\Users\feras\Desktop\feras\apps\web\src\components\experiment\inclined\InclinedControlBar.vue","26","    <button class=""ctrl-btn"" @click=""emit('undo')"" :disabled=""!canUndo"">↩️ تراجع</button>"
"C:\Users\feras\Desktop\feras\apps\web\src\components\experiment\inclined\InclinedControlBar.vue","27","    <button class=""ctrl-btn"" @click=""emit('redo')"" :disabled=""!canRedo"">↪️ إعادة</button>"
"C:\Users\feras\Desktop\feras\apps\web\src\components\experiment\inclined\InclinedControlBar.vue","28","    <button class=""ctrl-btn"" @click=""emit('clearTrials')"">🗑️ مسح</button>"
"C:\Users\feras\Desktop\feras\apps\web\src\components\experiment\inclined\InclinedControlBar.vue","29","    <button class=""ctrl-btn"" @click=""emit('exportCsv')"">📤 تصدير</button>"
"C:\Users\feras\Desktop\feras\apps\web\src\components\experiment\inclined\InclinedControlBar.vue","31","      <label>السرعة:</label>"
"C:\Users\feras\Desktop\feras\apps\web\src\components\experiment\inclined\InclinedEquationsPanel.vue","23","      <button @click=""emit('calcAcceleration')"">حساب التسارع a</button>"
"C:\Users\feras\Desktop\feras\apps\web\src\components\experiment\inclined\InclinedEquationsPanel.vue","24","      <button @click=""emit('calcTime')"">حساب زمن الوصول t</button>"
"C:\Users\feras\Desktop\feras\apps\web\src\components\experiment\inclined\InclinedEquationsPanel.vue","25","      <button @click=""emit('calcVelocity')"">حساب السرعة النهائية v</button>"
"C:\Users\feras\Desktop\feras\apps\web\src\components\experiment\inclined\InclinedEquationsPanel.vue","26","      <button @click=""emit('calcNormal')"">حساب قوة التفاعل N</button>"
"C:\Users\feras\Desktop\feras\apps\web\src\components\experiment\inclined\InclinedEquationsPanel.vue","32","      <h5>المعادلات الأساسية:</h5>"
"C:\Users\feras\Desktop\feras\apps\web\src\components\experiment\inclined\InclinedHelpModal.vue","10","      <h2>🎓 دليل تجربة المنحدر المائل</h2>"
"C:\Users\feras\Desktop\feras\apps\web\src\components\experiment\inclined\InclinedHelpModal.vue","12","        <h3>📖 المفهوم الفيزيائي</h3>"
"C:\Users\feras\Desktop\feras\apps\web\src\components\experiment\inclined\InclinedHelpModal.vue","13","        <p>المنحدر المائل هو سطح مائل بزاوية θ يتحرك عليه جسم كتلته m. التسارع يعتمد على زاوية المنحدر ومعامل الاحتكاك.</p>"
"C:\Users\feras\Desktop\feras\apps\web\src\components\experiment\inclined\InclinedHelpModal.vue","14","        <p>بدون احتكاك: a = g·sin(θ)</p>"
"C:\Users\feras\Desktop\feras\apps\web\src\components\experiment\inclined\InclinedHelpModal.vue","15","        <p>مع احتكاك: a = g(sin(θ) − μ·cos(θ))</p>"
"C:\Users\feras\Desktop\feras\apps\web\src\components\experiment\inclined\InclinedHelpModal.vue","18","        <h3>📐 المعادلات الأساسية</h3>"
"C:\Users\feras\Desktop\feras\apps\web\src\components\experiment\inclined\InclinedHelpModal.vue","31","        <h3>🖥️ عناصر مساحة العمل</h3>"
"C:\Users\feras\Desktop\feras\apps\web\src\components\experiment\inclined\InclinedHelpModal.vue","33","          <li>لوحة الرسم — رسم المنحدر والكتلة وأسهم القوى</li>"
"C:\Users\feras\Desktop\feras\apps\web\src\components\experiment\inclined\InclinedHelpModal.vue","34","          <li>المعاملات — زاوية المنحدر، الطول، الكتلة، g، μ</li>"
"C:\Users\feras\Desktop\feras\apps\web\src\components\experiment\inclined\InclinedHelpModal.vue","35","          <li>الجدول — قراءات التجارب المسجلة</li>"
"C:\Users\feras\Desktop\feras\apps\web\src\components\experiment\inclined\InclinedHelpModal.vue","36","          <li>الرسوم — مسار s(t) وإشارة v(t)</li>"
"C:\Users\feras\Desktop\feras\apps\web\src\components\experiment\inclined\InclinedHelpModal.vue","37","          <li>الحسابات — أزرار لحساب القيم النظرية</li>"
"C:\Users\feras\Desktop\feras\apps\web\src\components\experiment\inclined\InclinedHelpModal.vue","41","        <h3>⌨️ اختصارات لوحة المفاتيح</h3>"
"C:\Users\feras\Desktop\feras\apps\web\src\components\experiment\inclined\InclinedHelpModal.vue","43","          <li>Space — بدء/توقف</li>"
"C:\Users\feras\Desktop\feras\apps\web\src\components\experiment\inclined\InclinedHelpModal.vue","44","          <li>R — إعادة تعيين</li>"
"C:\Users\feras\Desktop\feras\apps\web\src\components\experiment\inclined\InclinedHelpModal.vue","45","          <li>S — تسجيل قراءة</li>"
"C:\Users\feras\Desktop\feras\apps\web\src\components\experiment\inclined\InclinedHelpModal.vue","46","          <li>Ctrl+Z — تراجع</li>"
"C:\Users\feras\Desktop\feras\apps\web\src\components\experiment\inclined\InclinedHelpModal.vue","47","          <li>Ctrl+Shift+Z — إعادة</li>"
"C:\Users\feras\Desktop\feras\apps\web\src\components\experiment\inclined\InclinedHelpModal.vue","48","          <li>? — فتح/إغلاق المساعدة</li>"
"C:\Users\feras\Desktop\feras\apps\web\src\components\experiment\inclined\InclinedMenuBar.vue","32","        <button class=""menu-btn"" :class=""{open:activeMenu==='file'}"" @click.stop=""toggleMenu('file')"">ملف</button>"
"C:\Users\feras\Desktop\feras\apps\web\src\components\experiment\inclined\InclinedMenuBar.vue","34","          <div class=""menu-row"" @click=""emit('exportCsv'); closeMenu()""><span class=""mi"">&#x1F4BE;</span><span>تصدير CSV</span></div>"
"C:\Users\feras\Desktop\feras\apps\web\src\components\experiment\inclined\InclinedMenuBar.vue","36","          <div class=""menu-row restore"" @click=""emit('showAllPanels'); closeMenu()""><span class=""mi"">&#x1F504;</span><span>استعادة الواجهة</span></div>"
"C:\Users\feras\Desktop\feras\apps\web\src\components\experiment\inclined\InclinedMenuBar.vue","40","        <button class=""menu-btn"" :class=""{open:activeMenu==='view'}"" @click.stop=""toggleMenu('view')"">عرض</button>"
"C:\Users\feras\Desktop\feras\apps\web\src\components\experiment\inclined\InclinedMenuBar.vue","42","          <div class=""menu-row check"" @click=""emit('togglePanel','table');""><span class=""mi"">&#x1F4CB;</span><span>جدول</span></div>"
"C:\Users\feras\Desktop\feras\apps\web\src\components\experiment\inclined\InclinedMenuBar.vue","43","          <div class=""menu-row check"" @click=""emit('togglePanel','equations');""><span class=""mi"">&#x2697;&#xFE0F;</span><span>حسابات</span></div>"
"C:\Users\feras\Desktop\feras\apps\web\src\components\experiment\inclined\InclinedMenuBar.vue","44","          <div class=""menu-row check"" @click=""emit('togglePanel','signal');""><span class=""mi"">&#x1F4C8;</span><span>إشارة</span></div>"
"C:\Users\feras\Desktop\feras\apps\web\src\components\experiment\inclined\InclinedMenuBar.vue","45","          <div class=""menu-row check"" @click=""emit('togglePanel','scatter');""><span class=""mi"">&#x1F4C8;</span><span>مسار</span></div>"
"C:\Users\feras\Desktop\feras\apps\web\src\components\experiment\inclined\InclinedMenuBar.vue","46","          <div class=""menu-row check"" @click=""emit('togglePanel','params');""><span class=""mi"">&#x2699;&#xFE0F;</span><span>معاملات</span></div>"
"C:\Users\feras\Desktop\feras\apps\web\src\components\experiment\inclined\InclinedMenuBar.vue","47","          <div class=""menu-row check"" @click=""emit('togglePanel','guide');""><span class=""mi"">&#x1F4CB;</span><span>دليل</span></div>"
"C:\Users\feras\Desktop\feras\apps\web\src\components\experiment\inclined\InclinedMenuBar.vue","48","          <div class=""menu-row check"" @click=""emit('togglePanel','stats');""><span class=""mi"">&#x1F4CA;</span><span>إحصائيات</span></div>"
"C:\Users\feras\Desktop\feras\apps\web\src\components\experiment\inclined\InclinedMenuBar.vue","49","          <div class=""menu-row check"" @click=""emit('togglePanel','error');""><span class=""mi"">&#x2696;&#xFE0F;</span><span>أخطاء</span></div>"
"C:\Users\feras\Desktop\feras\apps\web\src\components\experiment\inclined\InclinedMenuBar.vue","53","    <div class=""menu-center"">📐 المنحدر المائل</div>"
"C:\Users\feras\Desktop\feras\apps\web\src\components\experiment\inclined\InclinedMenuBar.vue","56","        <button class=""menu-btn"" :class=""{open:activeMenu==='run'}"" @click.stop=""toggleMenu('run')"">تشغيل</button>"
"C:\Users\feras\Desktop\feras\apps\web\src\components\experiment\inclined\InclinedMenuBar.vue","58","          <div class=""menu-row"" @click=""emit('togglePause'); closeMenu()""><span class=""mi"">&#x25B6;</span><span>بدء/توقف</span></div>"
"C:\Users\feras\Desktop\feras\apps\web\src\components\experiment\inclined\InclinedMenuBar.vue","59","          <div class=""menu-row"" @click=""emit('reset'); closeMenu()""><span class=""mi"">&#x1F504;</span><span>إعادة</span></div>"
"C:\Users\feras\Desktop\feras\apps\web\src\components\experiment\inclined\InclinedMenuBar.vue","60","          <div class=""menu-row"" @click=""emit('recordTrial'); closeMenu()""><span class=""mi"">&#x1F4CC;</span><span>تسجيل</span></div>"
"C:\Users\feras\Desktop\feras\apps\web\src\components\experiment\inclined\InclinedMenuBar.vue","62","          <div class=""menu-row"" @click=""emit('runLab'); closeMenu()""><span class=""mi"">&#x26A1;</span><span>تشغيل تلقائي</span></div>"
"C:\Users\feras\Desktop\feras\apps\web\src\components\experiment\inclined\InclinedMenuBar.vue","66","        <button class=""menu-btn analyze-btn"" @click=""emit('analyzeResults')"">📊 قسم الرسم والحسابات</button>"
"C:\Users\feras\Desktop\feras\apps\web\src\components\experiment\inclined\InclinedMenuBar.vue","69","        <button class=""menu-btn"" @click=""emit('toggleHelp')"">&#x2753; مساعدة</button>"
"C:\Users\feras\Desktop\feras\apps\web\src\components\experiment\inclined\InclinedPanelBody.vue","42","      <h5>دليل الاستخدام</h5>"
"C:\Users\feras\Desktop\feras\apps\web\src\components\experiment\inclined\InclinedPanelBody.vue","44","        <li>اضبط زاوية المنحدر θ والطول L والكتلة m</li>"
"C:\Users\feras\Desktop\feras\apps\web\src\components\experiment\inclined\InclinedPanelBody.vue","45","        <li>اضغط ""بدء"" لبدء النزول</li>"
"C:\Users\feras\Desktop\feras\apps\web\src\components\experiment\inclined\InclinedPanelBody.vue","46","        <li>انتظر حتى يصل الجسم للقاعدة</li>"
"C:\Users\feras\Desktop\feras\apps\web\src\components\experiment\inclined\InclinedPanelBody.vue","47","        <li>اضغط ""تسجيل"" لحفظ القراءة</li>"
"C:\Users\feras\Desktop\feras\apps\web\src\components\experiment\inclined\InclinedPanelBody.vue","48","        <li>كرر بتغيير الزاوية أو المعاملات</li>"
"C:\Users\feras\Desktop\feras\apps\web\src\components\experiment\inclined\InclinedPanelBody.vue","52","      <h5>تحليل الأخطاء</h5>"
"C:\Users\feras\Desktop\feras\apps\web\src\components\experiment\inclined\InclinedPanelBody.vue","53","      <p>نسبة الخطأ تحسب مقارنة بالقيمة النظرية: err = |a_meas − a_theory| / a_theory × 100%</p>"
"C:\Users\feras\Desktop\feras\apps\web\src\components\experiment\inclined\InclinedPanelBody.vue","54","      <p>تفعيل ""الضجئ"" يضيف خطأ عشوائي 2% للقياسات.</p>"
"C:\Users\feras\Desktop\feras\apps\web\src\components\experiment\inclined\InclinedParamsPanel.vue","32","      <label>زاوية المنحدر θ</label>"
"C:\Users\feras\Desktop\feras\apps\web\src\components\experiment\inclined\InclinedParamsPanel.vue","39","      <label>طول المنحدر L (m)</label>"
"C:\Users\feras\Desktop\feras\apps\web\src\components\experiment\inclined\InclinedParamsPanel.vue","46","      <label>الكتلة m (kg)</label>"
"C:\Users\feras\Desktop\feras\apps\web\src\components\experiment\inclined\InclinedParamsPanel.vue","60","      <label>معامل الاحتكاك μ</label>"
"C:\Users\feras\Desktop\feras\apps\web\src\components\experiment\inclined\InclinedParamsPanel.vue","70","        <span class=""toggle-text"">مقاومة الهواء</span>"
"C:\Users\feras\Desktop\feras\apps\web\src\components\experiment\inclined\InclinedParamsPanel.vue","75","      <label>نوع الجسم</label>"
"C:\Users\feras\Desktop\feras\apps\web\src\components\experiment\inclined\InclinedParamsPanel.vue","82","      <label>Cd (معامل السحب)</label>"
"C:\Users\feras\Desktop\feras\apps\web\src\components\experiment\inclined\InclinedParamsPanel.vue","90","      <label>Area (مساحة m²)</label>"
"C:\Users\feras\Desktop\feras\apps\web\src\components\experiment\inclined\InclinedReport.vue","17","      <h2>📋 تقرير تجربة المنحدر المائل</h2>"
"C:\Users\feras\Desktop\feras\apps\web\src\components\experiment\inclined\InclinedReport.vue","19","        <h4>المعاملات</h4>"
"C:\Users\feras\Desktop\feras\apps\web\src\components\experiment\inclined\InclinedReport.vue","23","        <h4>القراءات ({{ trials.length }})</h4>"
"C:\Users\feras\Desktop\feras\apps\web\src\components\experiment\inclined\InclinedReport.vue","32","        <h4>الإحصائيات</h4>"
"C:\Users\feras\Desktop\feras\apps\web\src\components\experiment\inclined\InclinedScatterPanel.vue","38","    ctx.fillText('سجل تجربة على الأقل', W / 2, H / 2)"
"C:\Users\feras\Desktop\feras\apps\web\src\components\experiment\inclined\InclinedSignalPanel.vue","47","    ctx.fillText('الإشارة تظهر هنا بعد بدء النزول', w / 2, h / 2)"
"C:\Users\feras\Desktop\feras\apps\web\src\components\experiment\inclined\InclinedStatsPanel.vue","14","    <h4>الإحصائيات — {{ trialCount }} تجربة</h4>"
"C:\Users\feras\Desktop\feras\apps\web\src\components\experiment\inclined\InclinedStatsPanel.vue","16","      <h5>التسارع a (m/s²)</h5>"
"C:\Users\feras\Desktop\feras\apps\web\src\components\experiment\inclined\InclinedStatsPanel.vue","17","      <div class=""stat-row""><span>المتوسط</span><b>{{ trialCount ? trialStats.a_mean.toFixed(3) : '--' }}</b></div>"
"C:\Users\feras\Desktop\feras\apps\web\src\components\experiment\inclined\InclinedStatsPanel.vue","18","      <div class=""stat-row""><span>الانحراف المعياري</span><b>{{ trialCount ? trialStats.a_std.toFixed(3) : '--' }}</b></div>"
"C:\Users\feras\Desktop\feras\apps\web\src\components\experiment\inclined\InclinedStatsPanel.vue","21","      <h5>زمن الوصول t (s)</h5>"
"C:\Users\feras\Desktop\feras\apps\web\src\components\experiment\inclined\InclinedStatsPanel.vue","22","      <div class=""stat-row""><span>المتوسط</span><b>{{ trialCount ? trialStats.t_mean.toFixed(3) : '--' }}</b></div>"
"C:\Users\feras\Desktop\feras\apps\web\src\components\experiment\inclined\InclinedStatsPanel.vue","23","      <div class=""stat-row""><span>الانحراف المعياري</span><b>{{ trialCount ? trialStats.t_std.toFixed(3) : '--' }}</b></div>"
"C:\Users\feras\Desktop\feras\apps\web\src\components\experiment\inclined\InclinedStatsPanel.vue","26","      <h5>السرعة النهائية v (m/s)</h5>"
"C:\Users\feras\Desktop\feras\apps\web\src\components\experiment\inclined\InclinedStatsPanel.vue","27","      <div class=""stat-row""><span>المتوسط</span><b>{{ trialCount ? trialStats.v_mean.toFixed(2) : '--' }}</b></div>"
"C:\Users\feras\Desktop\feras\apps\web\src\components\experiment\inclined\InclinedStatsPanel.vue","28","      <div class=""stat-row""><span>الانحراف المعياري</span><b>{{ trialCount ? trialStats.v_std.toFixed(2) : '--' }}</b></div>"
"C:\Users\feras\Desktop\feras\apps\web\src\components\experiment\inclined\InclinedStatusBar.vue","11","    <span v-if=""running && !arrived"">▶️ الجسم ينزلق...</span>"
"C:\Users\feras\Desktop\feras\apps\web\src\components\experiment\inclined\InclinedStatusBar.vue","12","    <span v-else-if=""arrived"">✅ وصل للقاعدة! اضغط ""تسجيل""</span>"
"C:\Users\feras\Desktop\feras\apps\web\src\components\experiment\inclined\InclinedStatusBar.vue","13","    <span v-else>⏸️ جاهز — اضبط المعاملات واضغط ""بدء""</span>"
"C:\Users\feras\Desktop\feras\apps\web\src\components\experiment\inclined\InclinedTablePanel.vue","51","    <div v-if=""!trials.length"" class=""empty"">لا توجد قراءات مسجلة</div>"
"C:\Users\feras\Desktop\feras\apps\web\src\components\experiment\lever\LeverBallTable.vue","49","      <button class=""btn-add ball"" @click=""emit('addBall')"">+ كرة</button>"
"C:\Users\feras\Desktop\feras\apps\web\src\components\experiment\lever\LeverBallTable.vue","50","      <button class=""btn-add force"" @click=""emit('addForce')"">+ قوة</button>"
"C:\Users\feras\Desktop\feras\apps\web\src\components\experiment\lever\LeverBallTable.vue","54","    <div v-if=""balls.length > 0"" class=""section-title"">🔴 كتل</div>"
"C:\Users\feras\Desktop\feras\apps\web\src\components\experiment\lever\LeverBallTable.vue","56","      <thead><tr><th>#</th><th>الكتلة</th><th>x</th><th>τ</th><th></th></tr></thead>"
"C:\Users\feras\Desktop\feras\apps\web\src\components\experiment\lever\LeverBallTable.vue","79","    <div v-if=""forces.length > 0"" class=""section-title force-title"">➡️ قوى</div>"
"C:\Users\feras\Desktop\feras\apps\web\src\components\experiment\lever\LeverBallTable.vue","104","    <div v-if=""balls.length === 0 && forces.length === 0"" class=""empty"">لا توجد كرات أو قوى</div>"
"C:\Users\feras\Desktop\feras\apps\web\src\components\experiment\lever\LeverCanvas.vue","57","      title=""حذف"""
"C:\Users\feras\Desktop\feras\apps\web\src\components\experiment\lever\LeverControlBar.vue","19","  if (confirm('هل أنت متأكد من مسح جميع القراءات؟')) emit('clearTrials')"
"C:\Users\feras\Desktop\feras\apps\web\src\components\experiment\lever\LeverControlBar.vue","26","    <button class=""btn-secondary"" @click=""$emit('reset')"">&#x1F504; إعادة</button>"
"C:\Users\feras\Desktop\feras\apps\web\src\components\experiment\lever\LeverControlBar.vue","27","    <button class=""btn-secondary"" @click=""$emit('recordTrial')"">&#x1F4CC; تسجيل</button>"
"C:\Users\feras\Desktop\feras\apps\web\src\components\experiment\lever\LeverControlBar.vue","28","    <button class=""btn-undo"" :disabled=""!canUndo"" @click=""$emit('undo')"" title=""تراجع"">&#x21A9; تراجع</button>"
"C:\Users\feras\Desktop\feras\apps\web\src\components\experiment\lever\LeverControlBar.vue","29","    <button class=""btn-undo"" :disabled=""!canRedo"" @click=""$emit('redo')"" title=""إعادة"">&#x21AA; إعادة</button>"
"C:\Users\feras\Desktop\feras\apps\web\src\components\experiment\lever\LeverControlBar.vue","30","    <button class=""btn-undo"" @click=""onClear"">&#x1F5D1; مسح</button>"
"C:\Users\feras\Desktop\feras\apps\web\src\components\experiment\lever\LeverEquationPanel.vue","6","    <div class=""eq-title"">&#x1F9EA; قانون الروافع</div>"
"C:\Users\feras\Desktop\feras\apps\web\src\components\experiment\lever\LeverEquationPanel.vue","9","      <p><strong>m</strong> = الكتلة (kg)</p>"
"C:\Users\feras\Desktop\feras\apps\web\src\components\experiment\lever\LeverEquationPanel.vue","10","      <p><strong>g</strong> = الجاذبية (9.81 m/s²)</p>"
"C:\Users\feras\Desktop\feras\apps\web\src\components\experiment\lever\LeverEquationPanel.vue","11","      <p><strong>x</strong> = المسافة من الارتكاز (m)</p>"
"C:\Users\feras\Desktop\feras\apps\web\src\components\experiment\lever\LeverEquationPanel.vue","14","      <div class=""eq-label"">مثال:</div>"
"C:\Users\feras\Desktop\feras\apps\web\src\components\experiment\lever\LeverEquationPanel.vue","18","      العزم <strong>موجب</strong> = دوران عكس عقارب الساعة (يمين)<br>"
"C:\Users\feras\Desktop\feras\apps\web\src\components\experiment\lever\LeverEquationPanel.vue","19","      العزم <strong>سالب</strong> = دوران مع عقارب الساعة (يسار)"
"C:\Users\feras\Desktop\feras\apps\web\src\components\experiment\lever\LeverHelpModal.vue","10","        <span>&#x2753; مساعدة</span>"
"C:\Users\feras\Desktop\feras\apps\web\src\components\experiment\lever\LeverHelpModal.vue","14","        <p><strong>اختصارات لوحة المفاتيح:</strong></p>"
"C:\Users\feras\Desktop\feras\apps\web\src\components\experiment\lever\LeverHelpModal.vue","16","          <li><kbd>Space</kbd> بدء / توقف</li>"
"C:\Users\feras\Desktop\feras\apps\web\src\components\experiment\lever\LeverHelpModal.vue","17","          <li><kbd>R</kbd> إعادة تعيين</li>"
"C:\Users\feras\Desktop\feras\apps\web\src\components\experiment\lever\LeverHelpModal.vue","18","          <li><kbd>S</kbd> تسجيل قراءة</li>"
"C:\Users\feras\Desktop\feras\apps\web\src\components\experiment\lever\LeverHelpModal.vue","19","          <li><kbd>Ctrl+Z</kbd> تراجع</li>"
"C:\Users\feras\Desktop\feras\apps\web\src\components\experiment\lever\LeverHelpModal.vue","20","          <li><kbd>Ctrl+Y</kbd> إعادة</li>"
"C:\Users\feras\Desktop\feras\apps\web\src\components\experiment\lever\LeverHelpModal.vue","21","          <li><kbd>?</kbd> هذه النافذة</li>"
"C:\Users\feras\Desktop\feras\apps\web\src\components\experiment\lever\LeverHelpModal.vue","23","        <p><strong>استخدام الفأرة:</strong></p>"
"C:\Users\feras\Desktop\feras\apps\web\src\components\experiment\lever\LeverHelpModal.vue","25","          <li>انقر على نقطة فارغة = إضافة ثقل</li>"
"C:\Users\feras\Desktop\feras\apps\web\src\components\experiment\lever\LeverHelpModal.vue","26","          <li>اسحب ثقلاً = نقله</li>"
"C:\Users\feras\Desktop\feras\apps\web\src\components\experiment\lever\LeverHelpModal.vue","27","          <li>انقر مرتين على ثقل = تغيير كتلته</li>"
"C:\Users\feras\Desktop\feras\apps\web\src\components\experiment\lever\LeverHelpModal.vue","29","        <p><strong>قانون الروافع:</strong></p>"
"C:\Users\feras\Desktop\feras\apps\web\src\components\experiment\lever\LeverHelpModal.vue","30","        <p>τ = m · g · x. عند التوازن: Στ = 0</p>"
"C:\Users\feras\Desktop\feras\apps\web\src\components\experiment\lever\LeverMenuBar.vue","38","        <button class=""menu-btn"" :class=""{open:activeMenu==='file'}"" @click.stop=""toggleMenu('file')"">ملف</button>"
"C:\Users\feras\Desktop\feras\apps\web\src\components\experiment\lever\LeverMenuBar.vue","40","          <div class=""menu-row"" @click=""emit('exportCsv'); closeMenu()""><span class=""mi"">&#x1F4BE;</span><span>تصدير CSV</span></div>"
"C:\Users\feras\Desktop\feras\apps\web\src\components\experiment\lever\LeverMenuBar.vue","42","          <div class=""menu-row restore"" @click=""emit('showAllPanels'); closeMenu()""><span class=""mi"">&#x1F504;</span><span>استعادة الواجهة</span></div>"
"C:\Users\feras\Desktop\feras\apps\web\src\components\experiment\lever\LeverMenuBar.vue","46","        <button class=""menu-btn"" :class=""{open:activeMenu==='view'}"" @click.stop=""toggleMenu('view')"">عرض</button>"
"C:\Users\feras\Desktop\feras\apps\web\src\components\experiment\lever\LeverMenuBar.vue","48","          <div class=""menu-row check"" @click=""emit('togglePanel','table');""><span class=""mi"">&#x1F4CB;</span><span>جدول</span></div>"
"C:\Users\feras\Desktop\feras\apps\web\src\components\experiment\lever\LeverMenuBar.vue","49","          <div class=""menu-row check"" @click=""emit('togglePanel','signal');""><span class=""mi"">&#x1F4C8;</span><span>توزيع العزوم</span></div>"
"C:\Users\feras\Desktop\feras\apps\web\src\components\experiment\lever\LeverMenuBar.vue","50","          <div class=""menu-row check"" @click=""emit('togglePanel','equation');""><span class=""mi"">&#x1F9EA;</span><span>المعادلة</span></div>"
"C:\Users\feras\Desktop\feras\apps\web\src\components\experiment\lever\LeverMenuBar.vue","51","          <div class=""menu-row check"" @click=""emit('togglePanel','report');""><span class=""mi"">&#x1F4C4;</span><span>تقرير</span></div>"
"C:\Users\feras\Desktop\feras\apps\web\src\components\experiment\lever\LeverMenuBar.vue","58","        <button class=""menu-btn"" :class=""{open:activeMenu==='run'}"" @click.stop=""toggleMenu('run')"">تشغيل</button>"
"C:\Users\feras\Desktop\feras\apps\web\src\components\experiment\lever\LeverMenuBar.vue","60","          <div class=""menu-row"" @click=""emit('togglePause'); closeMenu()""><span class=""mi"">&#x25B6;</span><span>بدء/توقف</span></div>"
"C:\Users\feras\Desktop\feras\apps\web\src\components\experiment\lever\LeverMenuBar.vue","61","          <div class=""menu-row"" @click=""emit('reset'); closeMenu()""><span class=""mi"">&#x1F504;</span><span>إعادة</span></div>"
"C:\Users\feras\Desktop\feras\apps\web\src\components\experiment\lever\LeverMenuBar.vue","62","          <div class=""menu-row"" @click=""emit('recordTrial'); closeMenu()""><span class=""mi"">&#x1F4CC;</span><span>تسجيل</span></div>"
"C:\Users\feras\Desktop\feras\apps\web\src\components\experiment\lever\LeverMenuBar.vue","66","        <button class=""menu-btn analyze-btn"" @click=""emit('analyzeResults')"">&#x1F4CA; قسم الرسم والحسابات</button>"
"C:\Users\feras\Desktop\feras\apps\web\src\components\experiment\lever\LeverMenuBar.vue","69","        <button class=""menu-btn"" @click=""emit('toggleHelp')"">&#x2753; مساعدة</button>"
"C:\Users\feras\Desktop\feras\apps\web\src\components\experiment\lever\LeverPanelBody.vue","28","  <div v-else class=""placeholder"">اللوحة {{ id }}</div>"
"C:\Users\feras\Desktop\feras\apps\web\src\components\experiment\lever\LeverReportPanel.vue","11","    <div class=""report-title"">&#x1F4C4; تقرير مختبر الروافع</div>"
"C:\Users\feras\Desktop\feras\apps\web\src\components\experiment\lever\LeverReportPanel.vue","12","    <div v-if=""trials.length === 0"" class=""empty"">لا توجد بيانات للتقرير</div>"
"C:\Users\feras\Desktop\feras\apps\web\src\components\experiment\lever\LeverReportPanel.vue","16","        <span :class=""['report-status', t.isBalanced ? 'ok' : 'no']"">{{ t.isBalanced ? 'متوازن' : 'غير متوازن' }}</span>"
"C:\Users\feras\Desktop\feras\apps\web\src\components\experiment\lever\LeverReportPanel.vue","19","        <span class=""report-count"">{{ t.balls.length }} كرات</span>"
"C:\Users\feras\Desktop\feras\apps\web\src\components\experiment\lever\LeverSignalPanel.vue","23","    ctx.fillText('سجل قراءات لرؤية توزيع العزوم', w / 2, h / 2)"
"C:\Users\feras\Desktop\feras\apps\web\src\components\experiment\lever\LeverStatsPanel.vue","12","    <div class=""stat-card""><span class=""stat-label"">المحاولات</span><span class=""stat-val"">{{ count }}</span></div>"
"C:\Users\feras\Desktop\feras\apps\web\src\components\experiment\lever\LeverStatsPanel.vue","13","    <div class=""stat-card""><span class=""stat-label"">متوسط العزم</span><span class=""stat-val"">{{ avgTorque.toFixed(2) }}</span></div>"
"C:\Users\feras\Desktop\feras\apps\web\src\components\experiment\lever\LeverStatsPanel.vue","14","    <div class=""stat-card""><span class=""stat-label"">أقصى ميلان</span><span class=""stat-val"">{{ maxTilt.toFixed(1) }}°</span></div>"
"C:\Users\feras\Desktop\feras\apps\web\src\components\experiment\lever\LeverStatsPanel.vue","15","    <div class=""stat-card""><span class=""stat-label"">مرات التوازن</span><span class=""stat-val"">{{ balanceCount }}</span></div>"
"C:\Users\feras\Desktop\feras\apps\web\src\components\experiment\lever\LeverStatusBar.vue","14","      {{ isBalanced ? '⚖️ متوازن' : (netTorque > 0 ? '↻ يمين' : '↺ يسار') }}"
"C:\Users\feras\Desktop\feras\apps\web\src\components\experiment\lever\LeverStatusBar.vue","18","    <span class=""status-pill"">كرات: {{ ballCount }}</span>"
"C:\Users\feras\Desktop\feras\apps\web\src\components\experiment\lever\LeverStatusBar.vue","19","    <span class=""status-pill"">قوى: {{ forceCount }}</span>"
"C:\Users\feras\Desktop\feras\apps\web\src\components\experiment\lever\LeverTablePanel.vue","17","      <thead><tr><th>#</th><th>العزم</th><th>الميلان</th><th>كرات</th><th>قوى</th><th>حالة</th><th></th></tr></thead>"
"C:\Users\feras\Desktop\feras\apps\web\src\components\experiment\lever\LeverTablePanel.vue","25","          <td><span :class=""['badge', t.isBalanced ? 'ok' : 'no']"">{{ t.isBalanced ? 'متوازن' : 'غير متوازن' }}</span></td>"
"C:\Users\feras\Desktop\feras\apps\web\src\components\experiment\lever\LeverTablePanel.vue","30","    <div v-else class=""empty"">لا توجد قراءات مسجلة</div>"
"C:\Users\feras\Desktop\feras\apps\web\src\components\experiment\lightray\LightRayChart.vue","89","    ctx.fillText('سجل قراءات لرسم البيانات', w / 2, h / 2);"
"C:\Users\feras\Desktop\feras\apps\web\src\components\experiment\lightray\LightRayControlBar.vue","19","  if (confirm('هل أنت متأكد من مسح جميع القراءات؟')) emit('clearTrials')"
"C:\Users\feras\Desktop\feras\apps\web\src\components\experiment\lightray\LightRayControlBar.vue","26","    <button class=""btn-secondary"" @click=""emit('reset')"">&#x1F504; إعادة</button>"
"C:\Users\feras\Desktop\feras\apps\web\src\components\experiment\lightray\LightRayControlBar.vue","27","    <button class=""btn-secondary"" @click=""emit('recordTrial')"">&#x1F4CC; تسجيل</button>"
"C:\Users\feras\Desktop\feras\apps\web\src\components\experiment\lightray\LightRayControlBar.vue","28","    <button class=""btn-undo"" :disabled=""!canUndo"" @click=""emit('undo')"" title=""تراجع (Ctrl+Z)"">&#x21A9; تراجع</button>"
"C:\Users\feras\Desktop\feras\apps\web\src\components\experiment\lightray\LightRayControlBar.vue","29","    <button class=""btn-undo"" :disabled=""!canRedo"" @click=""emit('redo')"" title=""إعادة (Ctrl+Y)"">&#x21AA; إعادة</button>"
"C:\Users\feras\Desktop\feras\apps\web\src\components\experiment\lightray\LightRayControlBar.vue","30","    <button class=""btn-undo"" @click=""onClear"">&#x1F5D1; مسح</button>"
"C:\Users\feras\Desktop\feras\apps\web\src\components\experiment\lightray\LightRayHelpModal.vue","9","      <h3>❓ مساعدة — شعاع الضوء</h3>"
"C:\Users\feras\Desktop\feras\apps\web\src\components\experiment\lightray\LightRayHelpModal.vue","11","        <li><b>Space</b> — بدء/توقف المحاكاة</li>"
"C:\Users\feras\Desktop\feras\apps\web\src\components\experiment\lightray\LightRayHelpModal.vue","12","        <li><b>R</b> — إعادة تعيين</li>"
"C:\Users\feras\Desktop\feras\apps\web\src\components\experiment\lightray\LightRayHelpModal.vue","13","        <li><b>S</b> — تسجيل قراءة</li>"
"C:\Users\feras\Desktop\feras\apps\web\src\components\experiment\lightray\LightRayHelpModal.vue","14","        <li><b>Ctrl+Z</b> — تراجع</li>"
"C:\Users\feras\Desktop\feras\apps\web\src\components\experiment\lightray\LightRayHelpModal.vue","15","        <li><b>Ctrl+Y</b> — إعادة</li>"
"C:\Users\feras\Desktop\feras\apps\web\src\components\experiment\lightray\LightRayHelpModal.vue","16","        <li><b>?</b> — فتح/إغلاق المساعدة</li>"
"C:\Users\feras\Desktop\feras\apps\web\src\components\experiment\lightray\LightRayHelpModal.vue","18","      <p>قانون الانعكاس: θᵣ = θᵢ</p>"
"C:\Users\feras\Desktop\feras\apps\web\src\components\experiment\lightray\LightRayHelpModal.vue","19","      <p>قانون سنل: n₁ sin θᵢ = n₂ sin θₜ</p>"
"C:\Users\feras\Desktop\feras\apps\web\src\components\experiment\lightray\LightRayHelpModal.vue","20","      <button class=""btn-close"" @click=""emit('close')"">إغلاق</button>"
"C:\Users\feras\Desktop\feras\apps\web\src\components\experiment\lightray\LightRayMenuBar.vue","41","        <button class=""menu-btn"" :class=""{open:activeMenu==='file'}"" @click.stop=""toggleMenu('file')"">ملف</button>"
"C:\Users\feras\Desktop\feras\apps\web\src\components\experiment\lightray\LightRayMenuBar.vue","43","          <div class=""menu-row"" @click=""emit('exportCsv'); closeMenu()""><span class=""mi"">&#x1F4BE;</span><span>تصدير CSV</span></div>"
"C:\Users\feras\Desktop\feras\apps\web\src\components\experiment\lightray\LightRayMenuBar.vue","45","          <div class=""menu-row restore"" @click=""emit('showAllPanels'); closeMenu()""><span class=""mi"">&#x1F504;</span><span>استعادة الواجهة</span></div>"
"C:\Users\feras\Desktop\feras\apps\web\src\components\experiment\lightray\LightRayMenuBar.vue","49","        <button class=""menu-btn"" :class=""{open:activeMenu==='view'}"" @click.stop=""toggleMenu('view')"">عرض</button>"
"C:\Users\feras\Desktop\feras\apps\web\src\components\experiment\lightray\LightRayMenuBar.vue","51","          <div class=""menu-row check"" @click=""emit('togglePanel','readings');""><span class=""mi"">&#x1F4CB;</span><span>القراءات</span></div>"
"C:\Users\feras\Desktop\feras\apps\web\src\components\experiment\lightray\LightRayMenuBar.vue","52","          <div class=""menu-row check"" @click=""emit('togglePanel','chart');""><span class=""mi"">&#x1F4C8;</span><span>الرسم البياني</span></div>"
"C:\Users\feras\Desktop\feras\apps\web\src\components\experiment\lightray\LightRayMenuBar.vue","53","          <div class=""menu-row check"" @click=""emit('togglePanel','trials');""><span class=""mi"">&#x1F4CA;</span><span>التجارب</span></div>"
"C:\Users\feras\Desktop\feras\apps\web\src\components\experiment\lightray\LightRayMenuBar.vue","54","          <div class=""menu-row check"" @click=""emit('togglePanel','params');""><span class=""mi"">&#x2699;&#xFE0F;</span><span>معاملات</span></div>"
"C:\Users\feras\Desktop\feras\apps\web\src\components\experiment\lightray\LightRayMenuBar.vue","55","          <div class=""menu-row check"" @click=""emit('togglePanel','laws');""><span class=""mi"">&#x2696;&#xFE0F;</span><span>القوانين</span></div>"
"C:\Users\feras\Desktop\feras\apps\web\src\components\experiment\lightray\LightRayMenuBar.vue","56","          <div class=""menu-row check"" @click=""emit('togglePanel','results');""><span class=""mi"">&#x1F4CB;</span><span>النتائج</span></div>"
"C:\Users\feras\Desktop\feras\apps\web\src\components\experiment\lightray\LightRayMenuBar.vue","66","        <button class=""menu-btn"" :class=""{open:activeMenu==='run'}"" @click.stop=""toggleMenu('run')"">تشغيل</button>"
"C:\Users\feras\Desktop\feras\apps\web\src\components\experiment\lightray\LightRayMenuBar.vue","68","          <div class=""menu-row"" @click=""emit('togglePause'); closeMenu()""><span class=""mi"">&#x25B6;</span><span>بدء/توقف</span></div>"
"C:\Users\feras\Desktop\feras\apps\web\src\components\experiment\lightray\LightRayMenuBar.vue","69","          <div class=""menu-row"" @click=""emit('reset'); closeMenu()""><span class=""mi"">&#x1F504;</span><span>إعادة</span></div>"
"C:\Users\feras\Desktop\feras\apps\web\src\components\experiment\lightray\LightRayMenuBar.vue","70","          <div class=""menu-row"" @click=""emit('recordTrial'); closeMenu()""><span class=""mi"">&#x1F4CC;</span><span>تسجيل</span></div>"
"C:\Users\feras\Desktop\feras\apps\web\src\components\experiment\lightray\LightRayMenuBar.vue","74","        <button class=""menu-btn analyze-btn"" @click=""emit('analyzeResults')"">📊 قسم الرسم والحسابات</button>"
"C:\Users\feras\Desktop\feras\apps\web\src\components\experiment\lightray\LightRayMenuBar.vue","77","        <button class=""menu-btn"" @click=""emit('toggleHelp')"">&#x2753; مساعدة</button>"
"C:\Users\feras\Desktop\feras\apps\web\src\components\experiment\lightray\LightRayPanelBody.vue","36","        <span class=""reading-label"">زاوية السقوط θᵢ</span>"
"C:\Users\feras\Desktop\feras\apps\web\src\components\experiment\lightray\LightRayPanelBody.vue","40","        <span class=""reading-label"">زاوية الانعكاس θᵣ</span>"
"C:\Users\feras\Desktop\feras\apps\web\src\components\experiment\lightray\LightRayPanelBody.vue","44","        <span class=""reading-label"">زاوية الانكسار θₜ</span>"
"C:\Users\feras\Desktop\feras\apps\web\src\components\experiment\lightray\LightRayPanelBody.vue","48","        <span class=""reading-label"">الزاوية الحرجة</span>"
"C:\Users\feras\Desktop\feras\apps\web\src\components\experiment\lightray\LightRayPanelBody.vue","57","        <span class=""reg-badge"">الميل (n₂) = {{ slope.toFixed(3) }}</span>"
"C:\Users\feras\Desktop\feras\apps\web\src\components\experiment\lightray\LightRayPanelBody.vue","64","      <div v-if=""trials.length === 0"" class=""empty"">لا توجد قراءات مسجلة</div>"
"C:\Users\feras\Desktop\feras\apps\web\src\components\experiment\lightray\LightRayPanelBody.vue","78","      <button v-if=""trials.length"" class=""btn-clear"" @click=""emit('clear')"">مسح الكل</button>"
"C:\Users\feras\Desktop\feras\apps\web\src\components\experiment\lightray\LightRayPanelBody.vue","84","        <label>زاوية السقوط θᵢ</label>"
"C:\Users\feras\Desktop\feras\apps\web\src\components\experiment\lightray\LightRayPanelBody.vue","89","        <label>معامل الانكسار n₁ (أعلى)</label>"
"C:\Users\feras\Desktop\feras\apps\web\src\components\experiment\lightray\LightRayPanelBody.vue","91","          <option :value=""1.0"">هواء (1.00)</option>"
"C:\Users\feras\Desktop\feras\apps\web\src\components\experiment\lightray\LightRayPanelBody.vue","92","          <option :value=""1.33"">ماء (1.33)</option>"
"C:\Users\feras\Desktop\feras\apps\web\src\components\experiment\lightray\LightRayPanelBody.vue","93","          <option :value=""1.5"">زجاج (1.50)</option>"
"C:\Users\feras\Desktop\feras\apps\web\src\components\experiment\lightray\LightRayPanelBody.vue","94","          <option :value=""2.42"">ألماس (2.42)</option>"
"C:\Users\feras\Desktop\feras\apps\web\src\components\experiment\lightray\LightRayPanelBody.vue","98","        <label>معامل الانكسار n₂ (أسفل)</label>"
"C:\Users\feras\Desktop\feras\apps\web\src\components\experiment\lightray\LightRayPanelBody.vue","100","          <option :value=""1.0"">هواء (1.00)</option>"
"C:\Users\feras\Desktop\feras\apps\web\src\components\experiment\lightray\LightRayPanelBody.vue","101","          <option :value=""1.33"">ماء (1.33)</option>"
"C:\Users\feras\Desktop\feras\apps\web\src\components\experiment\lightray\LightRayPanelBody.vue","102","          <option :value=""1.5"">زجاج (1.50)</option>"
"C:\Users\feras\Desktop\feras\apps\web\src\components\experiment\lightray\LightRayPanelBody.vue","103","          <option :value=""2.42"">ألماس (2.42)</option>"
"C:\Users\feras\Desktop\feras\apps\web\src\components\experiment\lightray\LightRayPanelBody.vue","111","        <div class=""law-title"">قانون الانعكاس</div>"
"C:\Users\feras\Desktop\feras\apps\web\src\components\experiment\lightray\LightRayPanelBody.vue","115","        <div class=""law-title"">قانون سنل</div>"
"C:\Users\feras\Desktop\feras\apps\web\src\components\experiment\lightray\LightRayPanelBody.vue","121","        ⚠️ انعكاس كلي — θᵢ > الزاوية الحرجة"
"C:\Users\feras\Desktop\feras\apps\web\src\components\experiment\lightray\LightRayPanelBody.vue","127","      <div v-if=""trials.length < 2"" class=""empty"">سجل قراءتين على الأقل لحساب الانحدار</div>"
"C:\Users\feras\Desktop\feras\apps\web\src\components\experiment\lightray\LightRayPanelBody.vue","129","        <div class=""result-row""><span class=""result-label"">عدد القراءات</span><span class=""result-val"">{{ trials.length }}</span></div>"
"C:\Users\feras\Desktop\feras\apps\web\src\components\experiment\lightray\LightRayPanelBody.vue","130","        <div class=""result-row""><span class=""result-label"">الميل (m) = n₂</span><span class=""result-val highlight"">{{ slope.toFixed(3) }}</span></div>"
"C:\Users\feras\Desktop\feras\apps\web\src\components\experiment\lightray\LightRayPanelBody.vue","131","        <div class=""result-row""><span class=""result-label"">معامل التحديد R²</span><span class=""result-val"">{{ rSquared.toFixed(4) }}</span></div>"
"C:\Users\feras\Desktop\feras\apps\web\src\components\experiment\lightray\LightRayPanelBody.vue","132","        <div class=""result-row""><span class=""result-label"">n₂ المستنتج</span><span class=""result-val highlight"">{{ calculatedN2 !== null ? calculatedN2.toFixed(3) : '—' }}</span></div>"
"C:\Users\feras\Desktop\feras\apps\web\src\components\experiment\lightray\LightRayPanelBody.vue","133","        <div class=""result-row""><span class=""result-label"">سرعة الضوء في الوسط</span><span class=""result-val highlight"">{{ speedInMedium !== null ? (speedInMedium / 1e8).toFixed(2) + ' × 10⁸ m/s' : '—' }}</span></div>"
"C:\Users\feras\Desktop\feras\apps\web\src\components\experiment\lightray\LightRayStatusBar.vue","14","    <span v-if=""!running&&!paused"">جاهز</span>"
"C:\Users\feras\Desktop\feras\apps\web\src\components\experiment\lightray\LightRayStatusBar.vue","15","    <span v-else-if=""running&&paused"">متوقف مؤقتاً</span>"
"C:\Users\feras\Desktop\feras\apps\web\src\components\experiment\lightray\LightRayStatusBar.vue","16","    <span v-else>يعمل</span>"
"C:\Users\feras\Desktop\feras\apps\web\src\components\experiment\mirror\MirrorPanelBody.vue","82","      <div class=""reading-row""><span class=""reading-label"">البعد البؤري f</span><span class=""reading-val"">{{ params.focalLength.toFixed(1) }} cm</span></div>"
"C:\Users\feras\Desktop\feras\apps\web\src\components\experiment\mirror\MirrorPanelBody.vue","83","      <div class=""reading-row""><span class=""reading-label"">بعد الجسم do</span><span class=""reading-val"">{{ params.objectDistance.toFixed(1) }} cm</span></div>"
"C:\Users\feras\Desktop\feras\apps\web\src\components\experiment\mirror\MirrorPanelBody.vue","84","      <div class=""reading-row""><span class=""reading-label"">بعد الصورة di</span><span class=""reading-val"">{{ imageDistance !== null ? imageDistance.toFixed(1) + ' cm' + (imageDistance < 0 ? ' (افتراضي)' : '') : '∞' }}</span></div>"
"C:\Users\feras\Desktop\feras\apps\web\src\components\experiment\mirror\MirrorPanelBody.vue","85","      <div class=""reading-row""><span class=""reading-label"">ارتفاع الجسم ho</span><span class=""reading-val"">{{ params.objectHeight.toFixed(1) }} cm</span></div>"
"C:\Users\feras\Desktop\feras\apps\web\src\components\experiment\mirror\MirrorPanelBody.vue","86","      <div class=""reading-row""><span class=""reading-label"">ارتفاع الصورة hi</span><span class=""reading-val"">{{ imageHeight !== null ? imageHeight.toFixed(1) + ' cm' : '—' }}</span></div>"
"C:\Users\feras\Desktop\feras\apps\web\src\components\experiment\mirror\MirrorPanelBody.vue","87","      <div class=""reading-row""><span class=""reading-label"">التكبير m</span><span class=""reading-val"">{{ magnification !== null ? magnification.toFixed(2) : '—' }}</span></div>"
"C:\Users\feras\Desktop\feras\apps\web\src\components\experiment\mirror\MirrorPanelBody.vue","88","      <div class=""reading-row""><span class=""reading-label"">نوع الصورة</span><span class=""reading-val"">{{ imageProperties.type }}</span></div>"
"C:\Users\feras\Desktop\feras\apps\web\src\components\experiment\mirror\MirrorPanelBody.vue","89","      <div class=""reading-row""><span class=""reading-label"">اتجاه الصورة</span><span class=""reading-val"">{{ imageProperties.orientation }}</span></div>"
"C:\Users\feras\Desktop\feras\apps\web\src\components\experiment\mirror\MirrorPanelBody.vue","90","      <div class=""reading-row""><span class=""reading-label"">حجم الصورة</span><span class=""reading-val"">{{ imageProperties.size }}</span></div>"
"C:\Users\feras\Desktop\feras\apps\web\src\components\experiment\mirror\MirrorPanelBody.vue","111","          <span class=""reg-badge"">الميل = {{ regressionSlope.toFixed(3) }}</span>"
"C:\Users\feras\Desktop\feras\apps\web\src\components\experiment\mirror\MirrorPanelBody.vue","115","      <div v-else class=""empty"">سجل قراءتين على الأقل</div>"
"C:\Users\feras\Desktop\feras\apps\web\src\components\experiment\mirror\MirrorPanelBody.vue","119","      <div v-if=""trials.length === 0"" class=""empty"">لا توجد قراءات مسجلة</div>"
"C:\Users\feras\Desktop\feras\apps\web\src\components\experiment\mirror\MirrorPanelBody.vue","121","        <div class=""trial-header""><span>#</span><span>النوع</span><span>do</span><span>di</span><span>m</span></div>"
"C:\Users\feras\Desktop\feras\apps\web\src\components\experiment\mirror\MirrorPanelBody.vue","131","      <button v-if=""trials.length"" class=""btn-clear"" @click=""emit('clear')"">مسح الكل</button>"
"C:\Users\feras\Desktop\feras\apps\web\src\components\experiment\mirror\MirrorPanelBody.vue","136","        <label>نوع المرآة</label>"
"C:\Users\feras\Desktop\feras\apps\web\src\components\experiment\mirror\MirrorPanelBody.vue","138","          <button :class=""{ active: params.mirrorType === 'concave' }"" @click=""emit('update:params', { ...params, mirrorType: 'concave' })"">مقعرة 🔭</button>"
"C:\Users\feras\Desktop\feras\apps\web\src\components\experiment\mirror\MirrorPanelBody.vue","139","          <button :class=""{ active: params.mirrorType === 'convex' }"" @click=""emit('update:params', { ...params, mirrorType: 'convex' })"">محدبة 🪞</button>"
"C:\Users\feras\Desktop\feras\apps\web\src\components\experiment\mirror\MirrorPanelBody.vue","143","        <label>البعد البؤري |f|</label>"
"C:\Users\feras\Desktop\feras\apps\web\src\components\experiment\mirror\MirrorPanelBody.vue","148","        <label>بعد الجسم do</label>"
"C:\Users\feras\Desktop\feras\apps\web\src\components\experiment\mirror\MirrorPanelBody.vue","153","        <label>ارتفاع الجسم ho</label>"
"C:\Users\feras\Desktop\feras\apps\web\src\components\experiment\mirror\MirrorPanelBody.vue","161","        <div class=""law-title"">معادلة المرآة</div>"
"C:\Users\feras\Desktop\feras\apps\web\src\components\experiment\mirror\MirrorPanelBody.vue","171","        <div class=""law-title"">التكبير</div>"
"C:\Users\feras\Desktop\feras\apps\web\src\components\experiment\mirror\MirrorPanelBody.vue","180","      <div v-if=""trials.length < 2"" class=""empty"">سجل قراءتين على الأقل</div>"
"C:\Users\feras\Desktop\feras\apps\web\src\components\experiment\mirror\MirrorPanelBody.vue","182","        <div class=""result-row""><span class=""result-label"">عدد القراءات</span><span class=""result-val"">{{ trials.length }}</span></div>"
"C:\Users\feras\Desktop\feras\apps\web\src\components\experiment\mirror\MirrorPanelBody.vue","183","        <div class=""result-row""><span class=""result-label"">f من الانحدار</span><span class=""result-val highlight"">{{ focalFromRegression !== null ? focalFromRegression.toFixed(2) + ' cm' : '—' }}</span></div>"
"C:\Users\feras\Desktop\feras\apps\web\src\components\experiment\mirror\MirrorPanelBody.vue","184","        <div class=""result-row""><span class=""result-label"">معامل التحديد R²</span><span class=""result-val"">{{ rSquared.toFixed(4) }}</span></div>"
"C:\Users\feras\Desktop\feras\apps\web\src\components\experiment\mirror\MirrorPanelBody.vue","185","        <div class=""result-row""><span class=""result-label"">f المتوقع</span><span class=""result-val"">{{ params.focalLength.toFixed(1) }} cm</span></div>"
"C:\Users\feras\Desktop\feras\apps\web\src\components\experiment\pendulum\PendulumCanvas.vue","156","      <span class=""osc-num"">{{ oscillationCount }}</span><span class=""osc-label"">اهتزاز</span>"
"C:\Users\feras\Desktop\feras\apps\web\src\components\experiment\pendulum\PendulumCanvas.vue","158","    <button class=""snapshot-btn"" @click=""captureSnapshot()"" title=""📸 التقاط لقطة"">📸</button>"
"C:\Users\feras\Desktop\feras\apps\web\src\components\experiment\pendulum\PendulumControlBar.vue","26","function onClear() { if (confirm('هل أنت متأكد من مسح جميع القراءات؟')) emit('clearTrials') }"
"C:\Users\feras\Desktop\feras\apps\web\src\components\experiment\pendulum\PendulumControlBar.vue","39","    <button class=""btn-secondary"" @click=""$emit('reset')"">&#x1F504; إعادة</button>"
"C:\Users\feras\Desktop\feras\apps\web\src\components\experiment\pendulum\PendulumControlBar.vue","40","    <button class=""btn-secondary"" @click=""$emit('recordTrial')"">&#x1F4CC; تسجيل</button>"
"C:\Users\feras\Desktop\feras\apps\web\src\components\experiment\pendulum\PendulumControlBar.vue","41","    <button class=""btn-undo"" :disabled=""!canUndo"" @click=""$emit('undo')"" title=""تراجع (Ctrl+Z)"">&#x21A9; تراجع</button>"
"C:\Users\feras\Desktop\feras\apps\web\src\components\experiment\pendulum\PendulumControlBar.vue","42","    <button class=""btn-undo"" :disabled=""!canRedo"" @click=""$emit('redo')"" title=""إعادة (Ctrl+Y)"">&#x21AA; إعادة</button>"
"C:\Users\feras\Desktop\feras\apps\web\src\components\experiment\pendulum\PendulumControlBar.vue","43","    <button class=""btn-undo"" @click=""onClear"">&#x1F5D1; مسح</button>"
"C:\Users\feras\Desktop\feras\apps\web\src\components\experiment\pendulum\PendulumCutButton.vue","6","  <button class=""btn-cut"" @click=""emit('cut')"" title=""قطع الخيط"">&#x2702;&#xFE0F; قطع</button>"
"C:\Users\feras\Desktop\feras\apps\web\src\components\experiment\pendulum\PendulumDataPanel.vue","5","const tableHeaders = ['#', 'L', 'T', 'f', 'ω', 'gcalc', 'خطأ']"
"C:\Users\feras\Desktop\feras\apps\web\src\components\experiment\pendulum\PendulumDataPanel.vue","11","      <div class=""card-header""><h4>&#x1F4CB; قراءات</h4></div>"
"C:\Users\feras\Desktop\feras\apps\web\src\components\experiment\pendulum\PendulumDataPanel.vue","21","            <tr v-if=""!trials.length""><td colspan=""10"" class=""empty-msg"">لا توجد قياسات</td></tr>"
"C:\Users\feras\Desktop\feras\apps\web\src\components\experiment\pendulum\PendulumEnvSelector.vue","4","  { label: '🌍 الأرض', value: 9.81, icon: '🌍' },"
"C:\Users\feras\Desktop\feras\apps\web\src\components\experiment\pendulum\PendulumEnvSelector.vue","5","  { label: '🌑 القمر', value: 1.62, icon: '🌑' },"
"C:\Users\feras\Desktop\feras\apps\web\src\components\experiment\pendulum\PendulumEnvSelector.vue","6","  { label: '🪐 المشتري', value: 24.79, icon: '🪐' },"
"C:\Users\feras\Desktop\feras\apps\web\src\components\experiment\pendulum\PendulumEnvSelector.vue","7","  { label: '🛰️ الفضاء', value: 0, icon: '🛰️' },"
"C:\Users\feras\Desktop\feras\apps\web\src\components\experiment\pendulum\PendulumEnvSelector.vue","18","    <label>البيئة</label>"
"C:\Users\feras\Desktop\feras\apps\web\src\components\experiment\pendulum\PendulumFFTPanel.vue","49","  if (!r) { ctx.fillStyle = '#94a3b8'; ctx.font = '13px Segoe UI'; ctx.textAlign = 'center'; ctx.fillText('اضغط Run FFT بعد بدء المحاكاة', W/2, H/2); ctx.textAlign = 'start'; return }"
"C:\Users\feras\Desktop\feras\apps\web\src\components\experiment\pendulum\PendulumHelpModal.vue","11","          <h2>&#x2753; دليل تجربة البندول</h2>"
"C:\Users\feras\Desktop\feras\apps\web\src\components\experiment\pendulum\PendulumHelpModal.vue","16","            <h3>&#x1F4DA; تعريف التجربة</h3>"
"C:\Users\feras\Desktop\feras\apps\web\src\components\experiment\pendulum\PendulumHelpModal.vue","17","            <p>تجربة البندول البسيط تهدف إلى تحديد عجلة الجاذبية <b>g</b> بقياس فترة الاهتزاز <b>T</b> لأطوال خيط <b>L</b> مختلفة.</p>"
"C:\Users\feras\Desktop\feras\apps\web\src\components\experiment\pendulum\PendulumHelpModal.vue","20","            <h3>&#x2696;&#xFE0F; المعادلات الأساسية</h3>"
"C:\Users\feras\Desktop\feras\apps\web\src\components\experiment\pendulum\PendulumHelpModal.vue","26","            <p class=""help-hint"">المعادلة صالحة لزوايا صغيرة (θ ≤ 10°).</p>"
"C:\Users\feras\Desktop\feras\apps\web\src\components\experiment\pendulum\PendulumHelpModal.vue","29","            <h3>&#x1F9EA; طريقة العمل</h3>"
"C:\Users\feras\Desktop\feras\apps\web\src\components\experiment\pendulum\PendulumHelpModal.vue","31","              <li>اضبط طول الخيط <b>L</b> (مثلاً 0.20 m).</li>"
"C:\Users\feras\Desktop\feras\apps\web\src\components\experiment\pendulum\PendulumHelpModal.vue","32","              <li>اضبط الزاوية الأولية θ₀ ≤ 10°.</li>"
"C:\Users\feras\Desktop\feras\apps\web\src\components\experiment\pendulum\PendulumHelpModal.vue","33","              <li>اضغط <b>""بدء""</b> لبدء الاهتزاز.</li>"
"C:\Users\feras\Desktop\feras\apps\web\src\components\experiment\pendulum\PendulumHelpModal.vue","34","              <li>انتظر استقرار القراءة — ستظهر ✅.</li>"
"C:\Users\feras\Desktop\feras\apps\web\src\components\experiment\pendulum\PendulumHelpModal.vue","35","              <li>اضغط <b>""تسجيل""</b> لحفظ القراءة.</li>"
"C:\Users\feras\Desktop\feras\apps\web\src\components\experiment\pendulum\PendulumHelpModal.vue","36","              <li>غيّر <b>L</b> وكرر للحصول على قياسات متعددة.</li>"
"C:\Users\feras\Desktop\feras\apps\web\src\components\experiment\pendulum\PendulumHelpModal.vue","37","              <li>اضغط <b>""g من regression""</b> لحساب g من الميل.</li>"
"C:\Users\feras\Desktop\feras\apps\web\src\components\experiment\pendulum\PendulumHelpModal.vue","41","            <h3>&#x1F4C9; حساب الميل من الرسم</h3>"
"C:\Users\feras\Desktop\feras\apps\web\src\components\experiment\pendulum\PendulumHelpModal.vue","42","            <p>في لوحة <b>Scatter</b> اختر L × T² ثم اضغط <b>""حساب الميل""</b>:</p>"
"C:\Users\feras\Desktop\feras\apps\web\src\components\experiment\pendulum\PendulumHelpModal.vue","45","              <div class=""eq-note"">الميل = 4π² / g</div>"
"C:\Users\feras\Desktop\feras\apps\web\src\components\experiment\pendulum\PendulumHelpModal.vue","46","              <div class=""eq-note"">g = 4π² / الميل</div>"
"C:\Users\feras\Desktop\feras\apps\web\src\components\experiment\pendulum\PendulumHelpModal.vue","50","            <h3>&#x1F4BE; ازرار التحكم</h3>"
"C:\Users\feras\Desktop\feras\apps\web\src\components\experiment\pendulum\PendulumHelpModal.vue","52","              <div class=""btn-help-row""><span class=""btn-tag primary"">▶️ بدء</span><span>تشغيل/إيقاف المحاكاة</span></div>"
"C:\Users\feras\Desktop\feras\apps\web\src\components\experiment\pendulum\PendulumHelpModal.vue","53","              <div class=""btn-help-row""><span class=""btn-tag"">&#x1F504; إعادة</span><span>إعادة تعيين المحاكاة</span></div>"
"C:\Users\feras\Desktop\feras\apps\web\src\components\experiment\pendulum\PendulumHelpModal.vue","54","              <div class=""btn-help-row""><span class=""btn-tag"">&#x1F4CC; تسجيل</span><span>تسجيل قياس حالي</span></div>"
"C:\Users\feras\Desktop\feras\apps\web\src\components\experiment\pendulum\PendulumHelpModal.vue","55","              <div class=""btn-help-row""><span class=""btn-tag speed"">&#x1F40D; ×1.0</span><span>تغيير سرعة المحاكاة</span></div>"
"C:\Users\feras\Desktop\feras\apps\web\src\components\experiment\pendulum\PendulumLiveAnalysis.vue","21","    `المعادلات: L=${L.toFixed(3)}m, g=${props.params.g.toFixed(2)}m/s², m=${m.toFixed(3)}kg`,"
"C:\Users\feras\Desktop\feras\apps\web\src\components\experiment\pendulum\PendulumLiveAnalysis.vue","34","    <div class=""card-header""><h4>&#x2696;&#xFE0F; التحليل المباشر</h4></div>"
"C:\Users\feras\Desktop\feras\apps\web\src\components\experiment\pendulum\PendulumMenuBar.vue","34","        <button class=""menu-btn"" :class=""{open:activeMenu==='file'}"" @click.stop=""toggleMenu('file')"">ملف</button>"
"C:\Users\feras\Desktop\feras\apps\web\src\components\experiment\pendulum\PendulumMenuBar.vue","36","          <div class=""menu-row"" @click=""emit('exportCsv'); closeMenu()""><span class=""mi"">&#x1F4BE;</span><span>تصدير CSV</span></div>"
"C:\Users\feras\Desktop\feras\apps\web\src\components\experiment\pendulum\PendulumMenuBar.vue","38","          <div class=""menu-row restore"" @click=""emit('showAllPanels'); closeMenu()""><span class=""mi"">&#x1F504;</span><span>استعادة الواجهة</span></div>"
"C:\Users\feras\Desktop\feras\apps\web\src\components\experiment\pendulum\PendulumMenuBar.vue","42","        <button class=""menu-btn"" :class=""{open:activeMenu==='view'}"" @click.stop=""toggleMenu('view')"">عرض</button>"
"C:\Users\feras\Desktop\feras\apps\web\src\components\experiment\pendulum\PendulumMenuBar.vue","44","          <div class=""menu-row check"" @click=""emit('togglePanel','table');""><span class=""mi"">&#x1F4CB;</span><span>جدول</span></div>"
"C:\Users\feras\Desktop\feras\apps\web\src\components\experiment\pendulum\PendulumMenuBar.vue","45","          <div class=""menu-row check"" @click=""emit('togglePanel','equations');""><span class=""mi"">&#x2697;&#xFE0F;</span><span>حسابات</span></div>"
"C:\Users\feras\Desktop\feras\apps\web\src\components\experiment\pendulum\PendulumMenuBar.vue","46","          <div class=""menu-row check"" @click=""emit('togglePanel','signal');""><span class=""mi"">&#x1F4C8;</span><span>إشارة</span></div>"
"C:\Users\feras\Desktop\feras\apps\web\src\components\experiment\pendulum\PendulumMenuBar.vue","47","          <div class=""menu-row check"" @click=""emit('togglePanel','params');""><span class=""mi"">&#x2699;&#xFE0F;</span><span>معاملات</span></div>"
"C:\Users\feras\Desktop\feras\apps\web\src\components\experiment\pendulum\PendulumMenuBar.vue","48","          <div class=""menu-row check"" @click=""emit('togglePanel','guide');""><span class=""mi"">&#x1F4CB;</span><span>دليل</span></div>"
"C:\Users\feras\Desktop\feras\apps\web\src\components\experiment\pendulum\PendulumMenuBar.vue","49","          <div class=""menu-row check"" @click=""emit('togglePanel','stats');""><span class=""mi"">&#x1F4CA;</span><span>إحصائيات</span></div>"
"C:\Users\feras\Desktop\feras\apps\web\src\components\experiment\pendulum\PendulumMenuBar.vue","52","          <div class=""menu-row check"" @click=""emit('togglePanel','tutor');""><span class=""mi"">&#x1F9EA;</span><span>تحليل</span></div>"
"C:\Users\feras\Desktop\feras\apps\web\src\components\experiment\pendulum\PendulumMenuBar.vue","53","          <div class=""menu-row check"" @click=""emit('togglePanel','error');""><span class=""mi"">&#x2696;&#xFE0F;</span><span>أخطاء</span></div>"
"C:\Users\feras\Desktop\feras\apps\web\src\components\experiment\pendulum\PendulumMenuBar.vue","63","        <button class=""menu-btn"" :class=""{open:activeMenu==='run'}"" @click.stop=""toggleMenu('run')"">تشغيل</button>"
"C:\Users\feras\Desktop\feras\apps\web\src\components\experiment\pendulum\PendulumMenuBar.vue","65","          <div class=""menu-row"" @click=""emit('togglePause'); closeMenu()""><span class=""mi"">&#x25B6;</span><span>بدء/توقف</span></div>"
"C:\Users\feras\Desktop\feras\apps\web\src\components\experiment\pendulum\PendulumMenuBar.vue","66","          <div class=""menu-row"" @click=""emit('reset'); closeMenu()""><span class=""mi"">&#x1F504;</span><span>إعادة</span></div>"
"C:\Users\feras\Desktop\feras\apps\web\src\components\experiment\pendulum\PendulumMenuBar.vue","67","          <div class=""menu-row"" @click=""emit('recordTrial'); closeMenu()""><span class=""mi"">&#x1F4CC;</span><span>تسجيل</span></div>"
"C:\Users\feras\Desktop\feras\apps\web\src\components\experiment\pendulum\PendulumMenuBar.vue","69","          <div class=""menu-row"" @click=""emit('runLab'); closeMenu()""><span class=""mi"">&#x26A1;</span><span>تشغيل تلقائي</span></div>"
"C:\Users\feras\Desktop\feras\apps\web\src\components\experiment\pendulum\PendulumMenuBar.vue","73","        <button class=""menu-btn analyze-btn"" @click=""emit('analyzeResults')"">📊 قسم الرسم والحسابات</button>"
"C:\Users\feras\Desktop\feras\apps\web\src\components\experiment\pendulum\PendulumMenuBar.vue","76","        <button class=""menu-btn"" @click=""emit('toggleHelp')"">&#x2753; مساعدة</button>"
"C:\Users\feras\Desktop\feras\apps\web\src\components\experiment\pendulum\PendulumModeSwitcher.vue","5","  { key: 'pendulum', label: 'بندول', icon: '🕰️' },"
"C:\Users\feras\Desktop\feras\apps\web\src\components\experiment\pendulum\PendulumModeSwitcher.vue","6","  { key: 'projectile', label: 'مقذوف', icon: '🎯' },"
"C:\Users\feras\Desktop\feras\apps\web\src\components\experiment\pendulum\PendulumModeSwitcher.vue","7","  { key: 'coupled', label: 'مقترن', icon: '🔗' },"
"C:\Users\feras\Desktop\feras\apps\web\src\components\experiment\pendulum\PendulumPanelBody.vue","26","      <p><b>خطوات التجربة:</b></p>"
"C:\Users\feras\Desktop\feras\apps\web\src\components\experiment\pendulum\PendulumPanelBody.vue","28","        <li>اضبط طول الخيط L (مثلاً 0.50 m)</li>"
"C:\Users\feras\Desktop\feras\apps\web\src\components\experiment\pendulum\PendulumPanelBody.vue","29","        <li>اضبط الزاوية الأولية θ₀ ≤ 10°</li>"
"C:\Users\feras\Desktop\feras\apps\web\src\components\experiment\pendulum\PendulumPanelBody.vue","30","        <li>اضغط ""بدء"" لبدء الاهتزاز</li>"
"C:\Users\feras\Desktop\feras\apps\web\src\components\experiment\pendulum\PendulumPanelBody.vue","31","        <li>انتظر استقرار القراءة</li>"
"C:\Users\feras\Desktop\feras\apps\web\src\components\experiment\pendulum\PendulumPanelBody.vue","32","        <li>اضغط ""تسجيل"" لحفظ القراءة</li>"
"C:\Users\feras\Desktop\feras\apps\web\src\components\experiment\pendulum\PendulumPanelBody.vue","33","        <li>غيّر L وكرر للحصول على قياسات متعددة</li>"
"C:\Users\feras\Desktop\feras\apps\web\src\components\experiment\pendulum\PendulumPanelBody.vue","34","        <li>اضغط ""قسم الرسم والحسابات"" للحصول على g</li>"
"C:\Users\feras\Desktop\feras\apps\web\src\components\experiment\pendulum\PendulumPanelBody.vue","36","      <p><b>ملاحظة:</b> زمن البندول لا يعتمد على الكتلة.</p>"
"C:\Users\feras\Desktop\feras\apps\web\src\components\experiment\pendulum\PendulumParamPanel.vue","9","    <div class=""card-header""><h4>&#x2699;&#xFE0F; معاملات</h4></div>"
"C:\Users\feras\Desktop\feras\apps\web\src\components\experiment\pendulum\PendulumParamPanel.vue","11","    <div class=""param-row""><label>طول الخيط L (m)</label><div class=""param-inputs""><input type=""range"" min=""0.10"" max=""2.00"" step=""0.01"" v-model.number=""params.length"" /><input type=""number"" step=""0.01"" v-model.number=""params.length"" /></div></div>"
"C:\Users\feras\Desktop\feras\apps\web\src\components\experiment\pendulum\PendulumParamPanel.vue","12","    <div class=""param-row""><label>الزاوية الأولية θ₀ (°)</label><div class=""param-inputs""><input type=""range"" min=""1"" max=""90"" step=""1"" v-model.number=""params.theta0Deg"" /><input type=""number"" step=""1"" v-model.number=""params.theta0Deg"" /></div></div>"
"C:\Users\feras\Desktop\feras\apps\web\src\components\experiment\pendulum\PendulumParamPanel.vue","13","    <div v-if=""params.theta0Deg > 15"" class=""angle-warning"">⚠️ زاوية كبيرة — الحركة غير توافقية (Anharmonic)</div>"
"C:\Users\feras\Desktop\feras\apps\web\src\components\experiment\pendulum\PendulumParamPanel.vue","14","    <div class=""param-row""><label>كتلة الثقل m (kg)</label><div class=""param-inputs""><input type=""range"" min=""0.01"" max=""0.50"" step=""0.01"" v-model.number=""params.mass"" /><input type=""number"" step=""0.01"" v-model.number=""params.mass"" /></div></div>"
"C:\Users\feras\Desktop\feras\apps\web\src\components\experiment\pendulum\PendulumParamPanel.vue","15","    <div class=""param-row""><label>عجلة الجاذبية g (m/s²)</label><div class=""param-inputs""><input type=""range"" min=""1.60"" max=""20.00"" step=""0.01"" v-model.number=""params.g"" /><input type=""number"" step=""0.01"" v-model.number=""params.g"" /></div></div>"
"C:\Users\feras\Desktop\feras\apps\web\src\components\experiment\pendulum\PendulumParamPanel.vue","16","    <div class=""param-row""><label>التخميد</label><div class=""param-inputs""><input type=""range"" min=""0"" max=""0.5"" step=""0.01"" v-model.number=""params.damping"" /><input type=""number"" step=""0.01"" v-model.number=""params.damping"" /></div></div>"
"C:\Users\feras\Desktop\feras\apps\web\src\components\experiment\pendulum\PendulumParamPanel.vue","17","    <div class=""param-row""><label>نصف قطر الكرة (m)</label><div class=""param-inputs""><input type=""range"" min=""0.005"" max=""0.15"" step=""0.001"" v-model.number=""params.bobRadius"" /><input type=""number"" step=""0.001"" v-model.number=""params.bobRadius"" /></div></div>"
"C:\Users\feras\Desktop\feras\apps\web\src\components\experiment\pendulum\PendulumParamPanel.vue","18","    <div class=""param-row""><label>كثافة الهواء (kg/m³)</label><div class=""param-inputs""><input type=""range"" min=""0"" max=""1.3"" step=""0.01"" v-model.number=""params.airDensity"" /><input type=""number"" step=""0.01"" v-model.number=""params.airDensity"" /></div></div>"
"C:\Users\feras\Desktop\feras\apps\web\src\components\experiment\pendulum\PendulumParamPanel.vue","19","    <div class=""param-row""><label>ثابت النابض k (N/m)</label><div class=""param-inputs""><input type=""range"" min=""0"" max=""50"" step=""0.5"" v-model.number=""params.springK"" /><input type=""number"" step=""0.5"" v-model.number=""params.springK"" /></div></div>"
"C:\Users\feras\Desktop\feras\apps\web\src\components\experiment\pendulum\PendulumParamPanel.vue","20","    <div class=""param-row""><label>دورات القياس</label><input type=""number"" min=""5"" max=""50"" step=""1"" v-model.number=""params.measureCycles"" /></div>"
"C:\Users\feras\Desktop\feras\apps\web\src\components\experiment\pendulum\PendulumPhaseSpace.vue","38","    ctx.textAlign = 'center'; ctx.fillText('انتظر بدء المحاكاة...', W / 2, H / 2)"
"C:\Users\feras\Desktop\feras\apps\web\src\components\experiment\pendulum\PendulumPhaseSpace.vue","83","    <div class=""card-header""><h4>&#x1F500; فضاء الطور (Phase Space)</h4></div>"
"C:\Users\feras\Desktop\feras\apps\web\src\components\experiment\pendulum\PendulumPhaseSpace.vue","86","      <span class=""legend-dot"" style=""background:#3b82f6"" /> المسار"
"C:\Users\feras\Desktop\feras\apps\web\src\components\experiment\pendulum\PendulumPhaseSpace.vue","87","      <span class=""legend-dot"" style=""background:#dc2626"" /> النقطة الحالية"
"C:\Users\feras\Desktop\feras\apps\web\src\components\experiment\pendulum\PendulumPhotogate.vue","68","      <div class=""gate-label"">البوابة الضوئية — عدّاد الاهتزازات</div>"
"C:\Users\feras\Desktop\feras\apps\web\src\components\experiment\pendulum\PendulumPhotogate.vue","70","      <div class=""gate-time"" v-if=""elapsed > 0 || isCounting"">الزمن: {{ (elapsed / 1000).toFixed(2) }} s</div>"
"C:\Users\feras\Desktop\feras\apps\web\src\components\experiment\pendulum\PendulumPhotogate.vue","73","      <table><thead><tr><th>التكرار</th><th>t (s)</th></tr></thead>"
"C:\Users\feras\Desktop\feras\apps\web\src\components\experiment\pendulum\PendulumPhotogate.vue","82","      <button class=""btn"" :disabled=""isCounting || currentTrial >= 3"" @click=""start"">ابدأ العد</button>"
"C:\Users\feras\Desktop\feras\apps\web\src\components\experiment\pendulum\PendulumPhotogate.vue","83","      <button class=""btn secondary"" :disabled=""!isCounting"" @click=""stop"">أوقف</button>"
"C:\Users\feras\Desktop\feras\apps\web\src\components\experiment\pendulum\PendulumPhotogate.vue","84","      <button class=""btn danger"" @click=""resetAll"">إعادة</button>"
"C:\Users\feras\Desktop\feras\apps\web\src\components\experiment\pendulum\PendulumReport.vue","13","const sourcesOfError = ['احتكاك الهواء مع الثقل', 'دقة ساعة الإيقاف البشرية', 'خطأ زاوية النظر (parallax)', 'حركة اليد عند الإطلاق', 'كتلة الخيط غير مهملة', 'زاوية كبيرة (>10°) تخرج عن التقريب']"
"C:\Users\feras\Desktop\feras\apps\web\src\components\experiment\pendulum\PendulumReport.vue","20","        <h5>الجزء الديناميكي (البندول)</h5>"
"C:\Users\feras\Desktop\feras\apps\web\src\components\experiment\pendulum\PendulumReport.vue","31","        <h5>المقارنة والاستنتاج</h5>"
"C:\Users\feras\Desktop\feras\apps\web\src\components\experiment\pendulum\PendulumReport.vue","32","        <div class=""result-line""><b>g المتوسط:</b> {{ gAvg.toFixed(2) }} m/s²</div>"
"C:\Users\feras\Desktop\feras\apps\web\src\components\experiment\pendulum\PendulumReport.vue","33","        <div class=""result-line""><b>g النظري:</b> {{ gTheoretical.toFixed(2) }} m/s²</div>"
"C:\Users\feras\Desktop\feras\apps\web\src\components\experiment\pendulum\PendulumReport.vue","34","        <div class=""result-line"" v-if=""errorPercent !== null""><b>نسبة الخطأ:</b> {{ errorPercent.toFixed(2) }}%</div>"
"C:\Users\feras\Desktop\feras\apps\web\src\components\experiment\pendulum\PendulumReport.vue","35","        <div class=""error-sources""><h6>مصادر الأخطاء:</h6><ul><li v-for=""err in sourcesOfError"" :key=""err"">{{ err }}</li></ul></div>"
"C:\Users\feras\Desktop\feras\apps\web\src\components\experiment\pendulum\PendulumScatterChart.vue","32","  if (props.trials.length<2) { ctx.fillStyle='#64748b'; ctx.font='13px Segoe UI'; ctx.textAlign='center'; ctx.fillText('سجل قياستان على الأقل',W/2,H/2); ctx.textAlign='start'; return }"
"C:\Users\feras\Desktop\feras\apps\web\src\components\experiment\pendulum\PendulumScatterChart.vue","61","      <button class=""btn-slope"" @click=""calcSlope"" :disabled=""!fit"">&#x1F4C9; حساب الميل</button>"
"C:\Users\feras\Desktop\feras\apps\web\src\components\experiment\pendulum\PendulumSignalChart.vue","41","    ctx.fillText('الإشارة تظهر هنا بعد بدء المحاكاة', w / 2, h / 2)"
"C:\Users\feras\Desktop\feras\apps\web\src\components\experiment\pendulum\PendulumStatusBar.vue","8","    <span v-if=""!running&&!paused"">جاهز</span>"
"C:\Users\feras\Desktop\feras\apps\web\src\components\experiment\pendulum\PendulumStatusBar.vue","9","    <span v-else-if=""running&&paused"">متوقف مؤقتاً</span>"
"C:\Users\feras\Desktop\feras\apps\web\src\components\experiment\pendulum\PendulumStatusBar.vue","10","    <span v-else>يعمل</span>"
"C:\Users\feras\Desktop\feras\apps\web\src\components\experiment\pendulum\PendulumStepTracker.vue","3","const steps = ['الإعداد', 'القياس', 'التحليل']"
"C:\Users\feras\Desktop\feras\apps\web\src\components\experiment\pendulum\PendulumTutorCard.vue","14","    <div class=""tutor-top""><div class=""tutor-status-dot"" /><span class=""tutor-badge"">تحليل مباشر</span></div>"
"C:\Users\feras\Desktop\feras\apps\web\src\components\experiment\prism\PrismControlBar.vue","24","    <button class=""ctrl-btn"" @click=""emit('recordTrial')"">&#x1F4CC; تسجيل</button>"
"C:\Users\feras\Desktop\feras\apps\web\src\components\experiment\prism\PrismControlBar.vue","25","    <button class=""ctrl-btn"" @click=""emit('reset')"">&#x1F504; إعادة</button>"
"C:\Users\feras\Desktop\feras\apps\web\src\components\experiment\prism\PrismControlBar.vue","26","    <button class=""ctrl-btn"" @click=""emit('clearTrials')"">&#x1F5D1; مسح</button>"
"C:\Users\feras\Desktop\feras\apps\web\src\components\experiment\prism\PrismControlBar.vue","28","    <button class=""ctrl-btn"" :disabled=""!canUndo"" @click=""emit('undo')"">&#x21A9; تراجع</button>"
"C:\Users\feras\Desktop\feras\apps\web\src\components\experiment\prism\PrismControlBar.vue","29","    <button class=""ctrl-btn"" :disabled=""!canRedo"" @click=""emit('redo')"">&#x21AA; إعادة</button>"
"C:\Users\feras\Desktop\feras\apps\web\src\components\experiment\prism\PrismHelpModal.vue","10","      <div class=""modal-header"">&#x2753; مساعدة — تحلل الضوء بالمنشور</div>"
"C:\Users\feras\Desktop\feras\apps\web\src\components\experiment\prism\PrismHelpModal.vue","12","        <p><strong>المفاتيح:</strong></p>"
"C:\Users\feras\Desktop\feras\apps\web\src\components\experiment\prism\PrismHelpModal.vue","14","          <li>Space — بدء/توقف المحاكاة</li>"
"C:\Users\feras\Desktop\feras\apps\web\src\components\experiment\prism\PrismHelpModal.vue","15","          <li>S — تسجيل قراءة</li>"
"C:\Users\feras\Desktop\feras\apps\web\src\components\experiment\prism\PrismHelpModal.vue","16","          <li>R — إعادة تعيين</li>"
"C:\Users\feras\Desktop\feras\apps\web\src\components\experiment\prism\PrismHelpModal.vue","17","          <li>Ctrl+Z — تراجع</li>"
"C:\Users\feras\Desktop\feras\apps\web\src\components\experiment\prism\PrismHelpModal.vue","18","          <li>Ctrl+Y — إعادة</li>"
"C:\Users\feras\Desktop\feras\apps\web\src\components\experiment\prism\PrismHelpModal.vue","19","          <li>? — فتح/إغلاق المساعدة</li>"
"C:\Users\feras\Desktop\feras\apps\web\src\components\experiment\prism\PrismHelpModal.vue","21","        <p><strong>المعادلات:</strong></p>"
"C:\Users\feras\Desktop\feras\apps\web\src\components\experiment\prism\PrismHelpModal.vue","23","          <li>قانون سنل: n₁ sin θ₁ = n₂ sin θ₂</li>"
"C:\Users\feras\Desktop\feras\apps\web\src\components\experiment\prism\PrismHelpModal.vue","24","          <li>معادلة المنشور: n = sin((A+D)/2) / sin(A/2)</li>"
"C:\Users\feras\Desktop\feras\apps\web\src\components\experiment\prism\PrismHelpModal.vue","27","      <button class=""modal-close"" @click=""emit('close')"">إغلاق</button>"
"C:\Users\feras\Desktop\feras\apps\web\src\components\experiment\prism\PrismMenuBar.vue","41","        <button class=""menu-btn"" :class=""{open:activeMenu==='file'}"" @click.stop=""toggleMenu('file')"">ملف</button>"
"C:\Users\feras\Desktop\feras\apps\web\src\components\experiment\prism\PrismMenuBar.vue","43","          <div class=""menu-row"" @click=""emit('exportCsv'); closeMenu()""><span class=""mi"">&#x1F4BE;</span><span>تصدير CSV</span></div>"
"C:\Users\feras\Desktop\feras\apps\web\src\components\experiment\prism\PrismMenuBar.vue","45","          <div class=""menu-row restore"" @click=""emit('showAllPanels'); closeMenu()""><span class=""mi"">&#x1F504;</span><span>استعادة الواجهة</span></div>"
"C:\Users\feras\Desktop\feras\apps\web\src\components\experiment\prism\PrismMenuBar.vue","49","        <button class=""menu-btn"" :class=""{open:activeMenu==='view'}"" @click.stop=""toggleMenu('view')"">عرض</button>"
"C:\Users\feras\Desktop\feras\apps\web\src\components\experiment\prism\PrismMenuBar.vue","51","          <div class=""menu-row check"" @click=""emit('togglePanel','readings');""><span class=""mi"">&#x1F4CB;</span><span>القراءات</span></div>"
"C:\Users\feras\Desktop\feras\apps\web\src\components\experiment\prism\PrismMenuBar.vue","52","          <div class=""menu-row check"" @click=""emit('togglePanel','chart');""><span class=""mi"">&#x1F4C8;</span><span>الرسم البياني</span></div>"
"C:\Users\feras\Desktop\feras\apps\web\src\components\experiment\prism\PrismMenuBar.vue","53","          <div class=""menu-row check"" @click=""emit('togglePanel','trials');""><span class=""mi"">&#x1F4CA;</span><span>التجارب</span></div>"
"C:\Users\feras\Desktop\feras\apps\web\src\components\experiment\prism\PrismMenuBar.vue","54","          <div class=""menu-row check"" @click=""emit('togglePanel','params');""><span class=""mi"">&#x2699;&#xFE0F;</span><span>معاملات</span></div>"
"C:\Users\feras\Desktop\feras\apps\web\src\components\experiment\prism\PrismMenuBar.vue","55","          <div class=""menu-row check"" @click=""emit('togglePanel','laws');""><span class=""mi"">&#x2696;&#xFE0F;</span><span>القوانين</span></div>"
"C:\Users\feras\Desktop\feras\apps\web\src\components\experiment\prism\PrismMenuBar.vue","56","          <div class=""menu-row check"" @click=""emit('togglePanel','results');""><span class=""mi"">&#x1F4CB;</span><span>النتائج</span></div>"
"C:\Users\feras\Desktop\feras\apps\web\src\components\experiment\prism\PrismMenuBar.vue","66","        <button class=""menu-btn"" :class=""{open:activeMenu==='run'}"" @click.stop=""toggleMenu('run')"">تشغيل</button>"
"C:\Users\feras\Desktop\feras\apps\web\src\components\experiment\prism\PrismMenuBar.vue","68","          <div class=""menu-row"" @click=""emit('togglePause'); closeMenu()""><span class=""mi"">&#x25B6;</span><span>بدء/توقف</span></div>"
"C:\Users\feras\Desktop\feras\apps\web\src\components\experiment\prism\PrismMenuBar.vue","69","          <div class=""menu-row"" @click=""emit('reset'); closeMenu()""><span class=""mi"">&#x1F504;</span><span>إعادة</span></div>"
"C:\Users\feras\Desktop\feras\apps\web\src\components\experiment\prism\PrismMenuBar.vue","70","          <div class=""menu-row"" @click=""emit('recordTrial'); closeMenu()""><span class=""mi"">&#x1F4CC;</span><span>تسجيل</span></div>"
"C:\Users\feras\Desktop\feras\apps\web\src\components\experiment\prism\PrismMenuBar.vue","74","        <button class=""menu-btn analyze-btn"" @click=""emit('analyzeResults')"">&#x1F4CA; قسم الرسم والحسابات</button>"
"C:\Users\feras\Desktop\feras\apps\web\src\components\experiment\prism\PrismMenuBar.vue","77","        <button class=""menu-btn"" @click=""emit('toggleHelp')"">&#x2753; مساعدة</button>"
"C:\Users\feras\Desktop\feras\apps\web\src\components\experiment\prism\PrismStatusBar.vue","16","    <span class=""status-item"">{{ running ? (paused ? '⏸️ متوقف' : '▶️ يعمل') : '⏹️ متوقف' }}</span>"
"C:\Users\feras\Desktop\feras\apps\web\src\components\experiment\projectile\ProjectileCanvas.vue","159","    <button class=""snapshot-btn"" @click=""captureSnapshot()"" title=""📸 التقاط لقطة"">📸</button>"
"C:\Users\feras\Desktop\feras\apps\web\src\components\experiment\projectile\ProjectileControlBar.vue","23","  if (confirm('هل أنت متأكد من مسح جميع القراءات؟')) emit('clearTrials')"
"C:\Users\feras\Desktop\feras\apps\web\src\components\experiment\projectile\ProjectileControlBar.vue","39","    <button class=""btn-secondary"" @click=""$emit('reset')"">&#x1F504; إعادة</button>"
"C:\Users\feras\Desktop\feras\apps\web\src\components\experiment\projectile\ProjectileControlBar.vue","40","    <button class=""btn-secondary"" @click=""$emit('recordTrial')"">&#x1F4CC; تسجيل</button>"
"C:\Users\feras\Desktop\feras\apps\web\src\components\experiment\projectile\ProjectileControlBar.vue","41","    <button class=""btn-target"" :class=""{active: targetMode}"" @click=""$emit('toggleTargetMode')"" title=""وضع الهدف"">🎯</button>"
"C:\Users\feras\Desktop\feras\apps\web\src\components\experiment\projectile\ProjectileControlBar.vue","42","    <button class=""btn-undo"" :disabled=""!canUndo"" @click=""$emit('undo')"" title=""تراجع (Ctrl+Z)"">&#x21A9; تراجع</button>"
"C:\Users\feras\Desktop\feras\apps\web\src\components\experiment\projectile\ProjectileControlBar.vue","43","    <button class=""btn-undo"" :disabled=""!canRedo"" @click=""$emit('redo')"" title=""إعادة (Ctrl+Y)"">&#x21AA; إعادة</button>"
"C:\Users\feras\Desktop\feras\apps\web\src\components\experiment\projectile\ProjectileControlBar.vue","44","    <button class=""btn-undo"" @click=""onClear"">&#x1F5D1; مسح</button>"
"C:\Users\feras\Desktop\feras\apps\web\src\components\experiment\projectile\ProjectileHelpModal.vue","11","          <h3>🚀 دليل تجربة المقذوفات</h3>"
"C:\Users\feras\Desktop\feras\apps\web\src\components\experiment\projectile\ProjectileHelpModal.vue","15","          <h4>الهدف</h4>"
"C:\Users\feras\Desktop\feras\apps\web\src\components\experiment\projectile\ProjectileHelpModal.vue","16","          <p>دراسة حركة الجسم المقذوف في بُعدين (X و Y) والتحقق من القوانين النظرية.</p>"
"C:\Users\feras\Desktop\feras\apps\web\src\components\experiment\projectile\ProjectileHelpModal.vue","17","          <h4>المعادلات</h4>"
"C:\Users\feras\Desktop\feras\apps\web\src\components\experiment\projectile\ProjectileHelpModal.vue","19","            <li><b>المدى:</b> R = v₀² sin(2θ) / g</li>"
"C:\Users\feras\Desktop\feras\apps\web\src\components\experiment\projectile\ProjectileHelpModal.vue","20","            <li><b>أقصى ارتفاع:</b> H = (v₀ sinθ)² / 2g</li>"
"C:\Users\feras\Desktop\feras\apps\web\src\components\experiment\projectile\ProjectileHelpModal.vue","21","            <li><b>زمن التحليق:</b> t = 2v₀ sinθ / g</li>"
"C:\Users\feras\Desktop\feras\apps\web\src\components\experiment\projectile\ProjectileHelpModal.vue","23","          <h4>السيناريو 1: R مقابل θ (ثبوت v₀)</h4>"
"C:\Users\feras\Desktop\feras\apps\web\src\components\experiment\projectile\ProjectileHelpModal.vue","25","            <li>ثبت v₀ = 10 m/s</li>"
"C:\Users\feras\Desktop\feras\apps\web\src\components\experiment\projectile\ProjectileHelpModal.vue","26","            <li>غير الزاوية: 15°, 30°, 45°, 60°, 75°</li>"
"C:\Users\feras\Desktop\feras\apps\web\src\components\experiment\projectile\ProjectileHelpModal.vue","27","            <li>سجل المدى R لكل زاوية</li>"
"C:\Users\feras\Desktop\feras\apps\web\src\components\experiment\projectile\ProjectileHelpModal.vue","28","            <li>لاحظ: أقصى مدى عند 45°</li>"
"C:\Users\feras\Desktop\feras\apps\web\src\components\experiment\projectile\ProjectileHelpModal.vue","30","          <h4>السيناريو 2: R مقابل v₀ (ثبوت θ)</h4>"
"C:\Users\feras\Desktop\feras\apps\web\src\components\experiment\projectile\ProjectileHelpModal.vue","32","            <li>ثبت الزاوية عند 45°</li>"
"C:\Users\feras\Desktop\feras\apps\web\src\components\experiment\projectile\ProjectileHelpModal.vue","33","            <li>غير السرعة: 5, 10, 15, 20, 25 m/s</li>"
"C:\Users\feras\Desktop\feras\apps\web\src\components\experiment\projectile\ProjectileHelpModal.vue","34","            <li>لاحظ: R ∝ v₀²</li>"
"C:\Users\feras\Desktop\feras\apps\web\src\components\experiment\projectile\ProjectileHelpModal.vue","36","          <h4>اختصارات</h4>"
"C:\Users\feras\Desktop\feras\apps\web\src\components\experiment\projectile\ProjectileHelpModal.vue","37","          <p>مسافة: بدء/إيقاف | R: إعادة | S: تسجيل | Ctrl+Z: تراجع | ?: مساعدة</p>"
"C:\Users\feras\Desktop\feras\apps\web\src\components\experiment\projectile\ProjectileHintOverlay.vue","30","      <div class=""hint-title"">📐 المعادلة</div>"
"C:\Users\feras\Desktop\feras\apps\web\src\components\experiment\projectile\ProjectileHintOverlay.vue","33","      <div class=""hint-tip"">🎯 الهدف عند {{ hint.targetX }} متر</div>"
"C:\Users\feras\Desktop\feras\apps\web\src\components\experiment\projectile\ProjectileHintOverlay.vue","39","        <div class=""hint-title"">🧮 جرب بنفسك</div>"
"C:\Users\feras\Desktop\feras\apps\web\src\components\experiment\projectile\ProjectileHintOverlay.vue","43","          <button @click=""onCheck"">تحقق</button>"
"C:\Users\feras\Desktop\feras\apps\web\src\components\experiment\projectile\ProjectileMenuBar.vue","43","        <button class=""menu-btn"" :class=""{open:activeMenu==='file'}"" @click.stop=""toggleMenu('file')"">ملف</button>"
"C:\Users\feras\Desktop\feras\apps\web\src\components\experiment\projectile\ProjectileMenuBar.vue","45","          <div class=""menu-row"" @click=""emit('exportCsv'); closeMenu()""><span class=""mi"">&#x1F4BE;</span><span>تصدير CSV</span></div>"
"C:\Users\feras\Desktop\feras\apps\web\src\components\experiment\projectile\ProjectileMenuBar.vue","47","          <div class=""menu-row restore"" @click=""emit('showAllPanels'); closeMenu()""><span class=""mi"">&#x1F504;</span><span>استعادة الواجهة</span></div>"
"C:\Users\feras\Desktop\feras\apps\web\src\components\experiment\projectile\ProjectileMenuBar.vue","51","        <button class=""menu-btn"" :class=""{open:activeMenu==='view'}"" @click.stop=""toggleMenu('view')"">عرض</button>"
"C:\Users\feras\Desktop\feras\apps\web\src\components\experiment\projectile\ProjectileMenuBar.vue","53","          <div class=""menu-row check"" @click=""emit('togglePanel','table');""><span class=""mi"">&#x1F4CB;</span><span>جدول</span></div>"
"C:\Users\feras\Desktop\feras\apps\web\src\components\experiment\projectile\ProjectileMenuBar.vue","54","          <div class=""menu-row check"" @click=""emit('togglePanel','equations');""><span class=""mi"">&#x2697;&#xFE0F;</span><span>حسابات</span></div>"
"C:\Users\feras\Desktop\feras\apps\web\src\components\experiment\projectile\ProjectileMenuBar.vue","55","          <div class=""menu-row check"" @click=""emit('togglePanel','signal');""><span class=""mi"">&#x1F4C8;</span><span>مسار y(x)</span></div>"
"C:\Users\feras\Desktop\feras\apps\web\src\components\experiment\projectile\ProjectileMenuBar.vue","59","          <div class=""menu-row check"" @click=""emit('togglePanel','params');""><span class=""mi"">&#x2699;&#xFE0F;</span><span>معاملات</span></div>"
"C:\Users\feras\Desktop\feras\apps\web\src\components\experiment\projectile\ProjectileMenuBar.vue","60","          <div class=""menu-row check"" @click=""emit('togglePanel','guide');""><span class=""mi"">&#x1F4CB;</span><span>دليل</span></div>"
"C:\Users\feras\Desktop\feras\apps\web\src\components\experiment\projectile\ProjectileMenuBar.vue","61","          <div class=""menu-row check"" @click=""emit('togglePanel','stats');""><span class=""mi"">&#x1F4CA;</span><span>إحصائيات</span></div>"
"C:\Users\feras\Desktop\feras\apps\web\src\components\experiment\projectile\ProjectileMenuBar.vue","62","          <div class=""menu-row check"" @click=""emit('togglePanel','tutor');""><span class=""mi"">&#x1F9EA;</span><span>تحليل</span></div>"
"C:\Users\feras\Desktop\feras\apps\web\src\components\experiment\projectile\ProjectileMenuBar.vue","72","        <button class=""menu-btn"" :class=""{open:activeMenu==='run'}"" @click.stop=""toggleMenu('run')"">تشغيل</button>"
"C:\Users\feras\Desktop\feras\apps\web\src\components\experiment\projectile\ProjectileMenuBar.vue","74","          <div class=""menu-row"" @click=""emit('togglePause'); closeMenu()""><span class=""mi"">&#x25B6;</span><span>بدء/توقف</span></div>"
"C:\Users\feras\Desktop\feras\apps\web\src\components\experiment\projectile\ProjectileMenuBar.vue","75","          <div class=""menu-row"" @click=""emit('reset'); closeMenu()""><span class=""mi"">&#x1F504;</span><span>إعادة</span></div>"
"C:\Users\feras\Desktop\feras\apps\web\src\components\experiment\projectile\ProjectileMenuBar.vue","76","          <div class=""menu-row"" @click=""emit('recordTrial'); closeMenu()""><span class=""mi"">&#x1F4CC;</span><span>تسجيل</span></div>"
"C:\Users\feras\Desktop\feras\apps\web\src\components\experiment\projectile\ProjectileMenuBar.vue","78","          <div class=""menu-row"" @click=""emit('runLab'); closeMenu()""><span class=""mi"">&#x26A1;</span><span>تشغيل تلقائي</span></div>"
"C:\Users\feras\Desktop\feras\apps\web\src\components\experiment\projectile\ProjectileMenuBar.vue","82","        <button class=""menu-btn analyze-btn"" @click=""emit('analyzeResults')"">📊 قسم الرسم والحسابات</button>"
"C:\Users\feras\Desktop\feras\apps\web\src\components\experiment\projectile\ProjectileMenuBar.vue","85","        <button class=""menu-btn"" @click=""emit('toggleHelp')"">&#x2753; مساعدة</button>"
"C:\Users\feras\Desktop\feras\apps\web\src\components\experiment\projectile\ProjectilePanelBody.vue","52","  if (data.length < 2) { ctx.fillStyle='#64748b'; ctx.font='12px sans-serif'; ctx.textAlign='center'; ctx.fillText('لا توجد بيانات',w/2,h/2); return }"
"C:\Users\feras\Desktop\feras\apps\web\src\components\experiment\projectile\ProjectilePanelBody.vue","82","  if (data.length < 1) { ctx.fillStyle='#64748b'; ctx.font='12px sans-serif'; ctx.textAlign='center'; ctx.fillText('سجل قراءات أولاً',w/2,h/2); return }"
"C:\Users\feras\Desktop\feras\apps\web\src\components\experiment\projectile\ProjectilePanelBody.vue","167","      <div class=""param-row""><label>الزاوية (°)</label><div class=""param-inputs""><input type=""range"" min=""0"" max=""90"" step=""0.1"" :value=""params.angleDeg"" @input=""emit('update:params', { ...params, angleDeg: +($event.target as HTMLInputElement).value })""><input type=""number"" step=""0.1"" :value=""params.angleDeg"" @input=""emit('update:params', { ...params, angleDeg: +($event.target as HTMLInputElement).value })""></div></div>"
"C:\Users\feras\Desktop\feras\apps\web\src\components\experiment\projectile\ProjectilePanelBody.vue","171","      <div class=""param-row""><label>مقاومة الهواء k</label><div class=""param-inputs""><input type=""range"" min=""0"" max=""2"" step=""0.01"" :value=""params.dragCoeff"" @input=""emit('update:params', { ...params, dragCoeff: +($event.target as HTMLInputElement).value })""><input type=""number"" step=""0.01"" :value=""params.dragCoeff"" @input=""emit('update:params', { ...params, dragCoeff: +($event.target as HTMLInputElement).value })""></div></div>"
"C:\Users\feras\Desktop\feras\apps\web\src\components\experiment\projectile\ProjectilePanelBody.vue","176","      <div v-if=""!trials.length"" class=""empty"">لا توجد قراءات</div>"
"C:\Users\feras\Desktop\feras\apps\web\src\components\experiment\projectile\ProjectilePanelBody.vue","178","        <thead><tr><th>#</th><th>الزاوية</th><th>v₀</th><th>الزمن</th><th>الارتفاع</th><th>المدى</th><th></th></tr></thead>"
"C:\Users\feras\Desktop\feras\apps\web\src\components\experiment\projectile\ProjectilePanelBody.vue","183","      <button class=""btn-clear"" @click=""emit('clear')"">مسح الكل</button>"
"C:\Users\feras\Desktop\feras\apps\web\src\components\experiment\projectile\ProjectilePanelBody.vue","189","        <button @click=""emit('calcFlightTime')"">حساب زمن التحليق</button>"
"C:\Users\feras\Desktop\feras\apps\web\src\components\experiment\projectile\ProjectilePanelBody.vue","190","        <button @click=""emit('calcMaxHeight')"">حساب أقصى ارتفاع</button>"
"C:\Users\feras\Desktop\feras\apps\web\src\components\experiment\projectile\ProjectilePanelBody.vue","191","        <button @click=""emit('calcRange')"">حساب المدى</button>"
"C:\Users\feras\Desktop\feras\apps\web\src\components\experiment\projectile\ProjectilePanelBody.vue","192","        <button @click=""emit('calcFitRange')"">ملائمة المدى</button>"
"C:\Users\feras\Desktop\feras\apps\web\src\components\experiment\projectile\ProjectilePanelBody.vue","202","        <li>اضبط v₀ والزاوية θ</li>"
"C:\Users\feras\Desktop\feras\apps\web\src\components\experiment\projectile\ProjectilePanelBody.vue","203","        <li>اضغط ""بدء"" لإطلاق المقذوف</li>"
"C:\Users\feras\Desktop\feras\apps\web\src\components\experiment\projectile\ProjectilePanelBody.vue","204","        <li>انتظر الهبوط ثم اضغط ""تسجيل""</li>"
"C:\Users\feras\Desktop\feras\apps\web\src\components\experiment\projectile\ProjectilePanelBody.vue","205","        <li>غير الزاوية وكرر القياسات</li>"
"C:\Users\feras\Desktop\feras\apps\web\src\components\experiment\projectile\ProjectilePanelBody.vue","206","        <li>حلل العلاقة R-θ</li>"
"C:\Users\feras\Desktop\feras\apps\web\src\components\experiment\projectile\ProjectilePanelBody.vue","213","        <div class=""stat""><span class=""label"">متوسط المدى</span><span class=""val"">{{ trialStats?.range_mean?.toFixed(2) ?? '--' }} m</span></div>"
"C:\Users\feras\Desktop\feras\apps\web\src\components\experiment\projectile\ProjectilePanelBody.vue","214","        <div class=""stat""><span class=""label"">انحراف المدى</span><span class=""val"">{{ trialStats?.range_std?.toFixed(2) ?? '--' }} m</span></div>"
"C:\Users\feras\Desktop\feras\apps\web\src\components\experiment\projectile\ProjectilePanelBody.vue","215","        <div class=""stat""><span class=""label"">متوسط الزمن</span><span class=""val"">{{ trialStats?.flightTime_mean?.toFixed(2) ?? '--' }} s</span></div>"
"C:\Users\feras\Desktop\feras\apps\web\src\components\experiment\projectile\ProjectilePanelBody.vue","216","        <div class=""stat""><span class=""label"">انحراف الزمن</span><span class=""val"">{{ trialStats?.flightTime_std?.toFixed(2) ?? '--' }} s</span></div>"
"C:\Users\feras\Desktop\feras\apps\web\src\components\experiment\projectile\ProjectilePanelBody.vue","222","      <div class=""tutor"" :class=""tutorType""><span>{{ tutorMessage ?? 'جاهز' }}</span></div>"
"C:\Users\feras\Desktop\feras\apps\web\src\components\experiment\projectile\ProjectileReport.vue","25","        <h5>الشروط الأولية</h5>"
"C:\Users\feras\Desktop\feras\apps\web\src\components\experiment\projectile\ProjectileReport.vue","28","          <div class=""info-field""><label>الزاوية</label><span>{{ params.angleDeg }}°</span></div>"
"C:\Users\feras\Desktop\feras\apps\web\src\components\experiment\projectile\ProjectileReport.vue","30","          <div class=""info-field""><label>مقاومة الهواء</label><span>{{ params.dragCoeff }}</span></div>"
"C:\Users\feras\Desktop\feras\apps\web\src\components\experiment\projectile\ProjectileReport.vue","34","        <h5>جدول القراءات ({{ trials.length }})</h5>"
"C:\Users\feras\Desktop\feras\apps\web\src\components\experiment\projectile\ProjectileReport.vue","39","              <th>الزاوية</th>"
"C:\Users\feras\Desktop\feras\apps\web\src\components\experiment\projectile\ProjectileReport.vue","41","              <th>الزمن (s)</th>"
"C:\Users\feras\Desktop\feras\apps\web\src\components\experiment\projectile\ProjectileReport.vue","42","              <th>أقصى ارتفاع (m)</th>"
"C:\Users\feras\Desktop\feras\apps\web\src\components\experiment\projectile\ProjectileReport.vue","43","              <th>المدى (m)</th>"
"C:\Users\feras\Desktop\feras\apps\web\src\components\experiment\projectile\ProjectileReport.vue","44","              <th>الخطأ (%)</th>"
"C:\Users\feras\Desktop\feras\apps\web\src\components\experiment\projectile\ProjectileReport.vue","61","        <h5>الإحصائيات</h5>"
"C:\Users\feras\Desktop\feras\apps\web\src\components\experiment\projectile\ProjectileReport.vue","63","          <div class=""info-field""><label>متوسط المدى</label><span>{{ trialStats.range_mean.toFixed(2) }} m</span></div>"
"C:\Users\feras\Desktop\feras\apps\web\src\components\experiment\projectile\ProjectileReport.vue","64","          <div class=""info-field""><label>الانحراف المعياري (المدى)</label><span>{{ trialStats.range_std.toFixed(2) }} m</span></div>"
"C:\Users\feras\Desktop\feras\apps\web\src\components\experiment\projectile\ProjectileReport.vue","65","          <div class=""info-field""><label>متوسط زمن التحليق</label><span>{{ trialStats.flightTime_mean.toFixed(2) }} s</span></div>"
"C:\Users\feras\Desktop\feras\apps\web\src\components\experiment\projectile\ProjectileReport.vue","66","          <div class=""info-field""><label>الانحراف المعياري (الزمن)</label><span>{{ trialStats.flightTime_std.toFixed(2) }} s</span></div>"
"C:\Users\feras\Desktop\feras\apps\web\src\components\experiment\projectile\ProjectileReport.vue","70","        <h5>ملائمة منحنى المدى</h5>"
"C:\Users\feras\Desktop\feras\apps\web\src\components\experiment\projectile\ProjectileReport.vue","74","        <p class=""equation-note"">منحنى الانحدار الخطي لـ R مقابل sin(2θ)</p>"
"C:\Users\feras\Desktop\feras\apps\web\src\components\experiment\projectile\ProjectileReport.vue","77","        <h5>المعادلات المستخدمة</h5>"
"C:\Users\feras\Desktop\feras\apps\web\src\components\experiment\projectile\ProjectileReport.vue","85","        <span>g النظرية: <b>{{ gTheoretical }} m/s²</b></span>"
"C:\Users\feras\Desktop\feras\apps\web\src\components\experiment\projectile\ProjectileStatusBar.vue","10","    <span v-if=""!running&&!paused"">جاهز</span>"
"C:\Users\feras\Desktop\feras\apps\web\src\components\experiment\projectile\ProjectileStatusBar.vue","11","    <span v-else-if=""running&&paused"">متوقف مؤقتاً</span>"
"C:\Users\feras\Desktop\feras\apps\web\src\components\experiment\projectile\ProjectileStatusBar.vue","12","    <span v-else>يعمل</span>"
"C:\Users\feras\Desktop\feras\apps\web\src\components\experiment\projectile\ProjectileStepTracker.vue","5","const steps = ['الإعداد', 'القياس', 'التحليل']"
"C:\Users\feras\Desktop\feras\apps\web\src\components\experiment\spring\DraggablePanel.vue","62","        <button class=""pa-btn"" draggable=""false"" @mousedown.stop @click.stop=""emit('maximize', props.id)"" title=""تكبير"">&#x26F6;</button>"
"C:\Users\feras\Desktop\feras\apps\web\src\components\experiment\spring\DraggablePanel.vue","63","        <button class=""pa-btn"" draggable=""false"" @mousedown.stop @click.stop=""emit('hide', props.id)"" title=""إخفاء"">&#x2715;</button>"
"C:\Users\feras\Desktop\feras\apps\web\src\components\experiment\spring\SpringCanvas.vue","87","      {{ params.mass > 0 ? '🏗️ إزالة الثقل' : '➕ إعادة الثقل' }}"
"C:\Users\feras\Desktop\feras\apps\web\src\components\experiment\spring\SpringCanvas.vue","99","        title=""سحب لأسفل"""
"C:\Users\feras\Desktop\feras\apps\web\src\components\experiment\spring\SpringCanvas.vue","100","      >⬇️ سحب</button>"
"C:\Users\feras\Desktop\feras\apps\web\src\components\experiment\spring\SpringCanvas.vue","107","        title=""ضغط لأعلى"""
"C:\Users\feras\Desktop\feras\apps\web\src\components\experiment\spring\SpringCanvas.vue","108","      >⬆️ ضغط</button>"
"C:\Users\feras\Desktop\feras\apps\web\src\components\experiment\spring\SpringCanvas.vue","112","      <span class=""osc-label"">اهتزاز</span>"
"C:\Users\feras\Desktop\feras\apps\web\src\components\experiment\spring\SpringCanvas.vue","114","    <button class=""snapshot-btn"" @click=""captureSnapshot()"" title=""📸 التقاط لقطة"">📸</button>"
"C:\Users\feras\Desktop\feras\apps\web\src\components\experiment\spring\SpringControlBar.vue","21","  if (confirm('هل أنت متأكد من مسح جميع القراءات؟')) emit('clearTrials')"
"C:\Users\feras\Desktop\feras\apps\web\src\components\experiment\spring\SpringControlBar.vue","37","    <button class=""btn-secondary"" @click=""$emit('reset')"">&#x1F504; إعادة</button>"
"C:\Users\feras\Desktop\feras\apps\web\src\components\experiment\spring\SpringControlBar.vue","38","    <button class=""btn-secondary"" @click=""$emit('recordTrial')"">&#x1F4CC; تسجيل</button>"
"C:\Users\feras\Desktop\feras\apps\web\src\components\experiment\spring\SpringControlBar.vue","39","    <button class=""btn-undo"" :disabled=""!canUndo"" @click=""$emit('undo')"" title=""تراجع (Ctrl+Z)"">&#x21A9; تراجع</button>"
"C:\Users\feras\Desktop\feras\apps\web\src\components\experiment\spring\SpringControlBar.vue","40","    <button class=""btn-undo"" :disabled=""!canRedo"" @click=""$emit('redo')"" title=""إعادة (Ctrl+Y)"">&#x21AA; إعادة</button>"
"C:\Users\feras\Desktop\feras\apps\web\src\components\experiment\spring\SpringControlBar.vue","41","    <button class=""btn-undo"" @click=""onClear"">&#x1F5D1; مسح</button>"
"C:\Users\feras\Desktop\feras\apps\web\src\components\experiment\spring\SpringDataPanel.vue","14","const tableHeaders = ['#', 'm', 'k', 'A', 'T', 'f', 'ω', 'kcalc', 'خطأ']"
"C:\Users\feras\Desktop\feras\apps\web\src\components\experiment\spring\SpringDataPanel.vue","21","      <div class=""card-header""><h4>&#x1F4CB; قراءات</h4></div>"
"C:\Users\feras\Desktop\feras\apps\web\src\components\experiment\spring\SpringDataPanel.vue","32","            <tr v-if=""!trials.length""><td colspan=""10"" class=""empty-msg"">لا توجد قياسات</td></tr>"
"C:\Users\feras\Desktop\feras\apps\web\src\components\experiment\spring\SpringErrorPanel.vue","52","    <h5>🔬 تحليل الأخطاء والارتياب</h5>"
"C:\Users\feras\Desktop\feras\apps\web\src\components\experiment\spring\SpringErrorPanel.vue","55","      <label>Δy (دقة المسطرة)</label>"
"C:\Users\feras\Desktop\feras\apps\web\src\components\experiment\spring\SpringErrorPanel.vue","59","      <label>Δm (دقة الكتلة)</label>"
"C:\Users\feras\Desktop\feras\apps\web\src\components\experiment\spring\SpringErrorPanel.vue","63","      <label>ΔT (دقة الزمن)</label>"
"C:\Users\feras\Desktop\feras\apps\web\src\components\experiment\spring\SpringErrorPanel.vue","68","      <div class=""sec-title"">📐 خطأ k الإستاتيكي</div>"
"C:\Users\feras\Desktop\feras\apps\web\src\components\experiment\spring\SpringErrorPanel.vue","74","      <div class=""sec-title"">📐 خطأ k الديناميكي</div>"
"C:\Users\feras\Desktop\feras\apps\web\src\components\experiment\spring\SpringErrorPanel.vue","80","      <div class=""sec-title"">⚖️ مقارنة Static vs Dynamic</div>"
"C:\Users\feras\Desktop\feras\apps\web\src\components\experiment\spring\SpringErrorPanel.vue","85","      <div>الفرق النسبي = {{ comparison.percentDiff.toFixed(2) }}%</div>"
"C:\Users\feras\Desktop\feras\apps\web\src\components\experiment\spring\SpringErrorPanel.vue","89","      <div class=""sec-title"">📊 كتلة النابض الفعالة</div>"
"C:\Users\feras\Desktop\feras\apps\web\src\components\experiment\spring\SpringFFTPanel.vue","56","    ctx.fillText('اضغط Run FFT بعد بدء المحاكاة', W/2, H/2)"
"C:\Users\feras\Desktop\feras\apps\web\src\components\experiment\spring\SpringHelpModal.vue","11","          <h2>&#x2753; دليل التجربة</h2>"
"C:\Users\feras\Desktop\feras\apps\web\src\components\experiment\spring\SpringHelpModal.vue","17","            <h3>&#x1F4DA; تعريف التجربة</h3>"
"C:\Users\feras\Desktop\feras\apps\web\src\components\experiment\spring\SpringHelpModal.vue","18","            <p>تجربة النابض تهدف إلى تحديد ثابت النابض <b>k</b> بطريقتين:</p>"
"C:\Users\feras\Desktop\feras\apps\web\src\components\experiment\spring\SpringHelpModal.vue","20","              <li><b>الطريقة الاستاتيكية:</b> بتحميل النابض بأوزان معروفة وقياس الاستطالة.</li>"
"C:\Users\feras\Desktop\feras\apps\web\src\components\experiment\spring\SpringHelpModal.vue","21","              <li><b>الطريقة الديناميكية:</b> بإطلاق النابض من موضع مبدئي وقياس فترة الاهتزاز.</li>"
"C:\Users\feras\Desktop\feras\apps\web\src\components\experiment\spring\SpringHelpModal.vue","26","            <h3>&#x2696;&#xFE0F; قانون هوك (الاستاتيكي)</h3>"
"C:\Users\feras\Desktop\feras\apps\web\src\components\experiment\spring\SpringHelpModal.vue","32","            <p class=""help-hint"">استخدم لوحة <b>""إستاتيكي""</b> لإضافة الأوزان وتسجيل القراءات.</p>"
"C:\Users\feras\Desktop\feras\apps\web\src\components\experiment\spring\SpringHelpModal.vue","36","            <h3>&#x1F9EA; الحركة التوافقية البسيطة (الديناميكي)</h3>"
"C:\Users\feras\Desktop\feras\apps\web\src\components\experiment\spring\SpringHelpModal.vue","42","            <p class=""help-hint"">استخدم <b>""بوابة ضوئية""</b> لعد 20 اهتزازة وقياس الفترة بدقة.</p>"
"C:\Users\feras\Desktop\feras\apps\web\src\components\experiment\spring\SpringHelpModal.vue","46","            <h3>&#x1F4CA; طريقة العمل</h3>"
"C:\Users\feras\Desktop\feras\apps\web\src\components\experiment\spring\SpringHelpModal.vue","48","              <li>افتح لوحة <b>""إستاتيكي""</b> واضغط ""بدء التحميل"".</li>"
"C:\Users\feras\Desktop\feras\apps\web\src\components\experiment\spring\SpringHelpModal.vue","49","              <li>أضف وزن بـ +50g ثم اضغط ""تسجيل"" لكل قراءة.</li>"
"C:\Users\feras\Desktop\feras\apps\web\src\components\experiment\spring\SpringHelpModal.vue","50","              <li>بعد الانتهاء، اضغط ""حساب k"" — ستحصل على k الاستاتيكي.</li>"
"C:\Users\feras\Desktop\feras\apps\web\src\components\experiment\spring\SpringHelpModal.vue","51","              <li>انتقل لـ <b>""بوابة ضوئية""</b> واضغط ""بدء العد"".</li>"
"C:\Users\feras\Desktop\feras\apps\web\src\components\experiment\spring\SpringHelpModal.vue","52","              <li>عند الوصول لـ 20 اهتزازة، تسجيل القراءة (3 تكرارات).</li>"
"C:\Users\feras\Desktop\feras\apps\web\src\components\experiment\spring\SpringHelpModal.vue","53","              <li>افتح <b>""تقرير""</b> لمقارنة k الاستاتيكي والديناميكي.</li>"
"C:\Users\feras\Desktop\feras\apps\web\src\components\experiment\spring\SpringHelpModal.vue","58","            <h3>&#x1F4C9; حساب الميل من الرسم</h3>"
"C:\Users\feras\Desktop\feras\apps\web\src\components\experiment\spring\SpringHelpModal.vue","59","            <p>في لوحة <b>Scatter</b> اختر المحاور (مثلاً m × T²) ثم اضغط <b>""حساب الميل""</b>:</p>"
"C:\Users\feras\Desktop\feras\apps\web\src\components\experiment\spring\SpringHelpModal.vue","62","              <div class=""eq-note"">m = الميل (slope)</div>"
"C:\Users\feras\Desktop\feras\apps\web\src\components\experiment\spring\SpringHelpModal.vue","63","              <div class=""eq-note"">R² = معامل التحديد</div>"
"C:\Users\feras\Desktop\feras\apps\web\src\components\experiment\spring\SpringHelpModal.vue","68","            <h3>&#x1F4BE; ازرار التحكم</h3>"
"C:\Users\feras\Desktop\feras\apps\web\src\components\experiment\spring\SpringHelpModal.vue","70","              <div class=""btn-help-row""><span class=""btn-tag primary"">▶️ بدء</span><span>تشغيل/إيقاف المحاكاة</span></div>"
"C:\Users\feras\Desktop\feras\apps\web\src\components\experiment\spring\SpringHelpModal.vue","71","              <div class=""btn-help-row""><span class=""btn-tag"">&#x1F504; إعادة</span><span>إعادة تعيين المحاكاة</span></div>"
"C:\Users\feras\Desktop\feras\apps\web\src\components\experiment\spring\SpringHelpModal.vue","72","              <div class=""btn-help-row""><span class=""btn-tag"">&#x1F4CC; تسجيل</span><span>تسجيل قياس حالي</span></div>"
"C:\Users\feras\Desktop\feras\apps\web\src\components\experiment\spring\SpringHelpModal.vue","73","              <div class=""btn-help-row""><span class=""btn-tag speed"">&#x1F40D; ×1.0</span><span>تغيير سرعة المحاكاة</span></div>"
"C:\Users\feras\Desktop\feras\apps\web\src\components\experiment\spring\SpringLiveAnalysis.vue","19","    `المعادلات: m=${props.params.mass.toFixed(3)}kg, k=${props.params.k.toFixed(1)}N/m, A=${props.params.amplitude.toFixed(3)}m`,"
"C:\Users\feras\Desktop\feras\apps\web\src\components\experiment\spring\SpringLiveAnalysis.vue","32","    <div class=""card-header""><h4>&#x2696;&#xFE0F; التحليل المباشر</h4></div>"
"C:\Users\feras\Desktop\feras\apps\web\src\components\experiment\spring\SpringMenuBar.vue","46","        <button class=""menu-btn"" :class=""{open:activeMenu==='file'}"" @click.stop=""toggleMenu('file')"">ملف</button>"
"C:\Users\feras\Desktop\feras\apps\web\src\components\experiment\spring\SpringMenuBar.vue","48","          <div class=""menu-row"" @click=""emit('exportCsv'); closeMenu()""><span class=""mi"">&#x1F4BE;</span><span>تصدير CSV</span></div>"
"C:\Users\feras\Desktop\feras\apps\web\src\components\experiment\spring\SpringMenuBar.vue","50","          <div class=""menu-row restore"" @click=""emit('showAllPanels'); closeMenu()""><span class=""mi"">&#x1F504;</span><span>استعادة الواجهة</span></div>"
"C:\Users\feras\Desktop\feras\apps\web\src\components\experiment\spring\SpringMenuBar.vue","54","        <button class=""menu-btn"" :class=""{open:activeMenu==='view'}"" @click.stop=""toggleMenu('view')"">عرض</button>"
"C:\Users\feras\Desktop\feras\apps\web\src\components\experiment\spring\SpringMenuBar.vue","56","          <div class=""menu-row check"" @click=""emit('togglePanel','table');""><span class=""mi"">&#x1F4CB;</span><span>جدول</span></div>"
"C:\Users\feras\Desktop\feras\apps\web\src\components\experiment\spring\SpringMenuBar.vue","57","          <div class=""menu-row check"" @click=""emit('togglePanel','equations');""><span class=""mi"">&#x2697;&#xFE0F;</span><span>حسابات</span></div>"
"C:\Users\feras\Desktop\feras\apps\web\src\components\experiment\spring\SpringMenuBar.vue","58","          <div class=""menu-row check"" @click=""emit('togglePanel','signal');""><span class=""mi"">&#x1F4C8;</span><span>إشارة</span></div>"
"C:\Users\feras\Desktop\feras\apps\web\src\components\experiment\spring\SpringMenuBar.vue","59","          <div class=""menu-row check"" @click=""emit('togglePanel','params');""><span class=""mi"">&#x2699;&#xFE0F;</span><span>معاملات</span></div>"
"C:\Users\feras\Desktop\feras\apps\web\src\components\experiment\spring\SpringMenuBar.vue","60","          <div class=""menu-row check"" @click=""emit('togglePanel','guide');""><span class=""mi"">&#x1F4CB;</span><span>دليل</span></div>"
"C:\Users\feras\Desktop\feras\apps\web\src\components\experiment\spring\SpringMenuBar.vue","61","          <div class=""menu-row check"" @click=""emit('togglePanel','stats');""><span class=""mi"">&#x1F4CA;</span><span>إحصائيات</span></div>"
"C:\Users\feras\Desktop\feras\apps\web\src\components\experiment\spring\SpringMenuBar.vue","64","          <div class=""menu-row check"" @click=""emit('togglePanel','tutor');""><span class=""mi"">&#x1F9EA;</span><span>تحليل</span></div>"
"C:\Users\feras\Desktop\feras\apps\web\src\components\experiment\spring\SpringMenuBar.vue","65","          <div v-if=""experimentRoute?.includes('spring')"" class=""menu-row check"" @click=""emit('togglePanel','static');""><span class=""mi"">&#x1F4D0;</span><span>إستاتيكي</span></div>"
"C:\Users\feras\Desktop\feras\apps\web\src\components\experiment\spring\SpringMenuBar.vue","66","          <div class=""menu-row check"" @click=""emit('togglePanel','error');""><span class=""mi"">&#x2696;&#xFE0F;</span><span>أخطاء</span></div>"
"C:\Users\feras\Desktop\feras\apps\web\src\components\experiment\spring\SpringMenuBar.vue","76","        <button class=""menu-btn"" :class=""{open:activeMenu==='run'}"" @click.stop=""toggleMenu('run')"">تشغيل</button>"
"C:\Users\feras\Desktop\feras\apps\web\src\components\experiment\spring\SpringMenuBar.vue","78","          <div class=""menu-row"" @click=""emit('togglePause'); closeMenu()""><span class=""mi"">&#x25B6;</span><span>بدء/توقف</span></div>"
"C:\Users\feras\Desktop\feras\apps\web\src\components\experiment\spring\SpringMenuBar.vue","79","          <div class=""menu-row"" @click=""emit('reset'); closeMenu()""><span class=""mi"">&#x1F504;</span><span>إعادة</span></div>"
"C:\Users\feras\Desktop\feras\apps\web\src\components\experiment\spring\SpringMenuBar.vue","80","          <div class=""menu-row"" @click=""emit('recordTrial'); closeMenu()""><span class=""mi"">&#x1F4CC;</span><span>تسجيل</span></div>"
"C:\Users\feras\Desktop\feras\apps\web\src\components\experiment\spring\SpringMenuBar.vue","82","          <div class=""menu-row"" @click=""emit('runLab'); closeMenu()""><span class=""mi"">&#x26A1;</span><span>تشغيل تلقائي</span></div>"
"C:\Users\feras\Desktop\feras\apps\web\src\components\experiment\spring\SpringMenuBar.vue","86","        <button class=""menu-btn analyze-btn"" @click=""emit('analyzeResults')"">📊 قسم الرسم والحسابات</button>"
"C:\Users\feras\Desktop\feras\apps\web\src\components\experiment\spring\SpringMenuBar.vue","89","        <button class=""menu-btn"" @click=""emit('toggleHelp')"">&#x2753; مساعدة</button>"
"C:\Users\feras\Desktop\feras\apps\web\src\components\experiment\spring\SpringParamPanel.vue","9","    <div class=""card-header""><h4>&#x2699;&#xFE0F; معاملات</h4></div>"
"C:\Users\feras\Desktop\feras\apps\web\src\components\experiment\spring\SpringParamPanel.vue","10","    <div class=""param-row""><label>الكتلة (kg)</label><div class=""param-inputs""><input type=""range"" min=""0.1"" max=""999"" step=""0.01"" v-model.number=""params.mass"" /><input type=""number"" step=""0.01"" v-model.number=""params.mass"" /></div></div>"
"C:\Users\feras\Desktop\feras\apps\web\src\components\experiment\spring\SpringParamPanel.vue","11","    <div class=""param-row""><label>ثابت النابض (N/m)</label><div class=""param-inputs""><input type=""range"" min=""5"" max=""9999"" step=""1"" v-model.number=""params.k"" /><input type=""number"" step=""1"" v-model.number=""params.k"" /></div></div>"
"C:\Users\feras\Desktop\feras\apps\web\src\components\experiment\spring\SpringParamPanel.vue","12","    <div class=""param-row""><label>السعة (m)</label><div class=""param-inputs""><input type=""range"" min=""0.05"" max=""50"" step=""0.01"" v-model.number=""params.amplitude"" /><input type=""number"" step=""0.01"" v-model.number=""params.amplitude"" /></div></div>"
"C:\Users\feras\Desktop\feras\apps\web\src\components\experiment\spring\SpringParamPanel.vue","13","    <div class=""param-row""><label>التخميد</label><div class=""param-inputs""><input type=""range"" min=""0"" max=""999"" step=""0.05"" v-model.number=""params.damping"" /><input type=""number"" step=""0.05"" v-model.number=""params.damping"" /></div></div>"
"C:\Users\feras\Desktop\feras\apps\web\src\components\experiment\spring\SpringParamPanel.vue","14","    <div class=""param-row""><label>نمط التخميد</label><select v-model=""params.dampingModel""><option value=""linear"">خطي</option><option value=""quadratic"">تربيعي</option></select></div>"
"C:\Users\feras\Desktop\feras\apps\web\src\components\experiment\spring\SpringParamPanel.vue","15","    <div class=""param-row""><label>دورات القياس</label><input type=""number"" min=""1"" max=""20"" step=""1"" v-model.number=""params.measureCycles"" /></div>"
"C:\Users\feras\Desktop\feras\apps\web\src\components\experiment\spring\SpringParamPanel.vue","16","    <div class=""param-row""><label>كتلة النابض (kg)</label><div class=""param-inputs""><input type=""range"" min=""0"" max=""2"" step=""0.001"" v-model.number=""params.springMass"" /><input type=""number"" step=""0.001"" v-model.number=""params.springMass"" /></div></div>"
"C:\Users\feras\Desktop\feras\apps\web\src\components\experiment\spring\SpringPhotogate.vue","95","      <div class=""gate-label"">البوابة الضوئية — عدّاد الاهتزازات</div>"
"C:\Users\feras\Desktop\feras\apps\web\src\components\experiment\spring\SpringPhotogate.vue","100","        الزمن: {{ (elapsed / 1000).toFixed(2) }} s"
"C:\Users\feras\Desktop\feras\apps\web\src\components\experiment\spring\SpringPhotogate.vue","107","          <tr><th>التكرار</th><th>t (s)</th></tr>"
"C:\Users\feras\Desktop\feras\apps\web\src\components\experiment\spring\SpringPhotogate.vue","118","      <button class=""btn"" :disabled=""isCounting || currentTrial >= 3"" @click=""start"">ابدأ العد</button>"
"C:\Users\feras\Desktop\feras\apps\web\src\components\experiment\spring\SpringPhotogate.vue","119","      <button class=""btn secondary"" :disabled=""!isCounting"" @click=""stop"">أوقف</button>"
"C:\Users\feras\Desktop\feras\apps\web\src\components\experiment\spring\SpringPhotogate.vue","120","      <button class=""btn danger"" @click=""resetAll"">إعادة</button>"
"C:\Users\feras\Desktop\feras\apps\web\src\components\experiment\spring\SpringReport.vue","94","  'احتكاك الهواء',"
"C:\Users\feras\Desktop\feras\apps\web\src\components\experiment\spring\SpringReport.vue","95","  'دقة ساعة الإيقاف',"
"C:\Users\feras\Desktop\feras\apps\web\src\components\experiment\spring\SpringReport.vue","96","  'خطأ زاوية النظر (parallax)',"
"C:\Users\feras\Desktop\feras\apps\web\src\components\experiment\spring\SpringReport.vue","97","  'تشوه النابض غير الخطي',"
"C:\Users\feras\Desktop\feras\apps\web\src\components\experiment\spring\SpringReport.vue","98","  'اهتزازات الطاولة',"
"C:\Users\feras\Desktop\feras\apps\web\src\components\experiment\spring\SpringReport.vue","99","  'عدم مركزية الكتلة',"
"C:\Users\feras\Desktop\feras\apps\web\src\components\experiment\spring\SpringReport.vue","107","        <h5>1. الجزء الاستاتيكي (قانون هوك) <span class=""edit-hint"">✏️ قابل للتعديل</span></h5>"
"C:\Users\feras\Desktop\feras\apps\web\src\components\experiment\spring\SpringReport.vue","122","          <b>k (استاتيكي):</b> {{ kStatic.toFixed(2) }} N/m"
"C:\Users\feras\Desktop\feras\apps\web\src\components\experiment\spring\SpringReport.vue","126","        <h5>2. الجزء الديناميكي (الحركة الاهتزازية) <span class=""edit-hint"">✏️ قابل للتعديل</span></h5>"
"C:\Users\feras\Desktop\feras\apps\web\src\components\experiment\spring\SpringReport.vue","144","          <b>k (ديناميكي):</b> {{ kDynamic.toFixed(2) }} N/m"
"C:\Users\feras\Desktop\feras\apps\web\src\components\experiment\spring\SpringReport.vue","148","        <h5>3. المقارنة والاستنتاج</h5>"
"C:\Users\feras\Desktop\feras\apps\web\src\components\experiment\spring\SpringReport.vue","150","          <b>k المتوسط:</b> {{ kAvg.toFixed(2) }} N/m"
"C:\Users\feras\Desktop\feras\apps\web\src\components\experiment\spring\SpringReport.vue","153","          <b>k النظري:</b> {{ theoreticalK.toFixed(2) }} N/m"
"C:\Users\feras\Desktop\feras\apps\web\src\components\experiment\spring\SpringReport.vue","156","          <b>نسبة الخطأ:</b> {{ errorPercent.toFixed(2) }}%"
"C:\Users\feras\Desktop\feras\apps\web\src\components\experiment\spring\SpringReport.vue","160","          <h6>مصادر الأخطاء المحتملة:</h6>"
"C:\Users\feras\Desktop\feras\apps\web\src\components\experiment\spring\SpringScatterChart.vue","49","  if (props.trials.length<2) { ctx.fillStyle='#64748b'; ctx.font='13px Segoe UI'; ctx.textAlign='center'; ctx.fillText('سجل قياستان على الأقل',W/2,H/2); ctx.textAlign='start'; return }"
"C:\Users\feras\Desktop\feras\apps\web\src\components\experiment\spring\SpringScatterChart.vue","82","      <button class=""btn-slope"" @click=""calcSlope"" :disabled=""!fit"">&#x1F4C9; حساب الميل</button>"
"C:\Users\feras\Desktop\feras\apps\web\src\components\experiment\spring\SpringSignalChart.vue","46","    ctx.fillText('الإشارة تظهر هنا بعد بدء المحاكاة', w / 2, h / 2)"
"C:\Users\feras\Desktop\feras\apps\web\src\components\experiment\spring\SpringStaticPanel.vue","19","    case 'setup': return 'جاهز للبدء'"
"C:\Users\feras\Desktop\feras\apps\web\src\components\experiment\spring\SpringStaticPanel.vue","20","    case 'loading': return 'مرحلة التحميل'"
"C:\Users\feras\Desktop\feras\apps\web\src\components\experiment\spring\SpringStaticPanel.vue","21","    case 'unloading': return 'مرحلة التفريغ'"
"C:\Users\feras\Desktop\feras\apps\web\src\components\experiment\spring\SpringStaticPanel.vue","22","    case 'done': return 'انتهت التجربة'"
"C:\Users\feras\Desktop\feras\apps\web\src\components\experiment\spring\SpringStaticPanel.vue","33","      <div>موضع الاتزان: <b>{{ staticLab.y0.value.toFixed(1) }} cm</b></div>"
"C:\Users\feras\Desktop\feras\apps\web\src\components\experiment\spring\SpringStaticPanel.vue","34","      <div>الكتلة الحالية: <b>{{ (props.params.mass * 1000).toFixed(0) }} g</b></div>"
"C:\Users\feras\Desktop\feras\apps\web\src\components\experiment\spring\SpringStaticPanel.vue","35","      <div>القراءة الحالية: <b>{{ staticLab.state.currentY.toFixed(2) }} cm</b></div>"
"C:\Users\feras\Desktop\feras\apps\web\src\components\experiment\spring\SpringStaticPanel.vue","36","      <div>الاستطالة Δy: <b>{{ (staticLab.state.currentY - staticLab.y0.value).toFixed(2) }} cm</b></div>"
"C:\Users\feras\Desktop\feras\apps\web\src\components\experiment\spring\SpringStaticPanel.vue","37","      <div>القوة F: <b>{{ (props.params.mass * 9.81).toFixed(3) }} N</b></div>"
"C:\Users\feras\Desktop\feras\apps\web\src\components\experiment\spring\SpringStaticPanel.vue","42","        <button class=""btn primary"" @click=""staticLab.startLoading"">بدء التحميل</button>"
"C:\Users\feras\Desktop\feras\apps\web\src\components\experiment\spring\SpringStaticPanel.vue","48","        <button class=""btn primary"" @click=""staticLab.recordLoad"">سجل قراءة</button>"
"C:\Users\feras\Desktop\feras\apps\web\src\components\experiment\spring\SpringStaticPanel.vue","49","        <button class=""btn secondary"" @click=""staticLab.startUnloading"">انتقل للتفريغ</button>"
"C:\Users\feras\Desktop\feras\apps\web\src\components\experiment\spring\SpringStaticPanel.vue","53","        <button class=""btn"" @click=""staticLab.recordUnload"">سجل قراءة</button>"
"C:\Users\feras\Desktop\feras\apps\web\src\components\experiment\spring\SpringStaticPanel.vue","54","        <button class=""btn secondary"" @click=""staticLab.finish"">إنهاء</button>"
"C:\Users\feras\Desktop\feras\apps\web\src\components\experiment\spring\SpringStaticPanel.vue","58","        <button class=""btn primary"" @click=""emit('update:staticReadings', staticLab.state.readings); emit('update:staticK', staticLab.fit.value?.k ?? null)"">تصدير للتقرير</button>"
"C:\Users\feras\Desktop\feras\apps\web\src\components\experiment\spring\SpringStaticPanel.vue","59","        <button class=""btn danger"" @click=""staticLab.reset"">إعادة التجربة</button>"
"C:\Users\feras\Desktop\feras\apps\web\src\components\experiment\spring\SpringStaticPanel.vue","65","        <tr><th>#</th><th>m (g)</th><th>y تحميل</th><th>y تفريغ</th><th>y متوسط</th><th>Δy (cm)</th><th>F (N)</th></tr>"
"C:\Users\feras\Desktop\feras\apps\web\src\components\experiment\spring\SpringStaticPanel.vue","81","      <div><b>ثابت النابض (استاتيكي):</b> k = {{ staticLab.fit.value.k.toFixed(2) }} N/m</div>"
"C:\Users\feras\Desktop\feras\apps\web\src\components\experiment\spring\SpringStatusBar.vue","10","    <span v-if=""!running&&!paused"">جاهز</span>"
"C:\Users\feras\Desktop\feras\apps\web\src\components\experiment\spring\SpringStatusBar.vue","11","    <span v-else-if=""running&&paused"">متوقف مؤقتاً</span>"
"C:\Users\feras\Desktop\feras\apps\web\src\components\experiment\spring\SpringStatusBar.vue","12","    <span v-else>يعمل</span>"
"C:\Users\feras\Desktop\feras\apps\web\src\components\experiment\spring\SpringStepTracker.vue","5","const steps = ['الإعداد', 'القياس', 'التحليل']"
"C:\Users\feras\Desktop\feras\apps\web\src\components\experiment\spring\SpringTutorCard.vue","14","    <div class=""tutor-top""><div class=""tutor-status-dot"" /><span class=""tutor-badge"">تحليل مباشر</span></div>"
"C:\Users\feras\Desktop\feras\apps\web\src\components\experiment\DataTable.vue","23","    <div class=""card-header""><h4>📋 قراءات</h4></div>"
"C:\Users\feras\Desktop\feras\apps\web\src\components\experiment\DataTable.vue","39","          <tr v-if=""!trials.length""><td colspan=""9"" class=""empty-msg"">لا توجد قياسات</td></tr>"
"C:\Users\feras\Desktop\feras\apps\web\src\components\experiment\DeletableSection.vue","10","    <button class=""delete-section-btn"" @click=""deleted = true"" title=""إزالة هذا القسم من التقرير"">✕</button>"
"C:\Users\feras\Desktop\feras\apps\web\src\components\experiment\DeletableSection.vue","13","  <div v-else class=""restored-section"" @click=""restore"" title=""استعادة القسم"">"
"C:\Users\feras\Desktop\feras\apps\web\src\components\experiment\DeletableSection.vue","14","    <span>➕ {{ $slots.default ? '' : '' }}استعادة القسم المحذوف</span>"
"C:\Users\feras\Desktop\feras\apps\web\src\components\experiment\EquationsPanel.vue","13","    <div class=""card-header""><h4>⚗️ حسابات</h4></div>"
"C:\Users\feras\Desktop\feras\apps\web\src\components\experiment\EquationsPanel.vue","15","      <button class=""btn-calc"" @click=""$emit('calcKfromMT')"">k من m,T</button>"
"C:\Users\feras\Desktop\feras\apps\web\src\components\experiment\EquationsPanel.vue","16","      <button class=""btn-calc"" @click=""$emit('calcTfromMK')"">T من m,k</button>"
"C:\Users\feras\Desktop\feras\apps\web\src\components\experiment\EquationsPanel.vue","17","      <button class=""btn-calc"" @click=""$emit('calcMfromTK')"">m من T,k</button>"
"C:\Users\feras\Desktop\feras\apps\web\src\components\experiment\ExperimentReport.vue","54","      <h5>معلومات الطالب</h5>"
"C:\Users\feras\Desktop\feras\apps\web\src\components\experiment\ExperimentReport.vue","57","          <label>الاسم:</label>"
"C:\Users\feras\Desktop\feras\apps\web\src\components\experiment\ExperimentReport.vue","58","          <input v-model=""studentName"" @change=""saveStudentInfo"" placeholder=""اسم الطالب"" />"
"C:\Users\feras\Desktop\feras\apps\web\src\components\experiment\ExperimentReport.vue","61","          <label>البريد:</label>"
"C:\Users\feras\Desktop\feras\apps\web\src\components\experiment\ExperimentReport.vue","65","          <label>الصف:</label>"
"C:\Users\feras\Desktop\feras\apps\web\src\components\experiment\ExperimentReport.vue","66","          <input v-model=""studentClass"" @change=""saveStudentInfo"" placeholder=""الصف / الشعبة"" />"
"C:\Users\feras\Desktop\feras\apps\web\src\components\experiment\ExperimentReport.vue","70","        <label>ملاحظات:</label>"
"C:\Users\feras\Desktop\feras\apps\web\src\components\experiment\ExperimentReport.vue","71","        <textarea v-model=""studentNotes"" @change=""saveStudentInfo"" placeholder=""أدخل ملاحظاتك عن التجربة...""></textarea>"
"C:\Users\feras\Desktop\feras\apps\web\src\components\experiment\ExperimentReport.vue","78","      <button class=""print-btn"" @click=""printReport"">🖨️ طباعة</button>"
"C:\Users\feras\Desktop\feras\apps\web\src\components\experiment\ExperimentReport.vue","79","      <button class=""print-btn primary"" @click=""emit('open-full-report')"">📋 تقرير كامل</button>"
"C:\Users\feras\Desktop\feras\apps\web\src\components\experiment\ExperimentReport.vue","82","      <slot name=""no-data"">لا توجد بيانات مسجلة. قم بإجراء التجربة أولاً.</slot>"
"C:\Users\feras\Desktop\feras\apps\web\src\components\experiment\GuidePanel.vue","17","    <div class=""card-header""><h4>📖 دليل</h4></div>"
"C:\Users\feras\Desktop\feras\apps\web\src\components\experiment\GuidePanel.vue","21","    <div class=""guide-row""><span class=""guide-label"">T<sub>نظري</sub></span><span class=""guide-value"">{{ theoreticalPeriod?.toFixed(4) ?? '--' }} s</span></div>"
"C:\Users\feras\Desktop\feras\apps\web\src\components\experiment\ParamPanel.vue","9","    <div class=""card-header""><h4>⚙️ معاملات</h4></div>"
"C:\Users\feras\Desktop\feras\apps\web\src\components\experiment\ParamPanel.vue","11","      <label>الكتلة (kg)</label>"
"C:\Users\feras\Desktop\feras\apps\web\src\components\experiment\ParamPanel.vue","18","      <label>ثابت النابض (N/m)</label>"
"C:\Users\feras\Desktop\feras\apps\web\src\components\experiment\ParamPanel.vue","25","      <label>السعة (m)</label>"
"C:\Users\feras\Desktop\feras\apps\web\src\components\experiment\ParamPanel.vue","32","      <label>التخميد</label>"
"C:\Users\feras\Desktop\feras\apps\web\src\components\experiment\ParamPanel.vue","39","      <label>نمط التخميد</label>"
"C:\Users\feras\Desktop\feras\apps\web\src\components\experiment\ParamPanel.vue","41","        <option value=""linear"">خطي</option>"
"C:\Users\feras\Desktop\feras\apps\web\src\components\experiment\ParamPanel.vue","42","        <option value=""quadratic"">تربيعي</option>"
"C:\Users\feras\Desktop\feras\apps\web\src\components\experiment\ParamPanel.vue","46","      <label>دورات القياس</label>"
"C:\Users\feras\Desktop\feras\apps\web\src\components\home\StudentClasses.vue","27","  if (!code) { joinError.value = 'أدخل كود الفصل'; return }"
"C:\Users\feras\Desktop\feras\apps\web\src\components\home\StudentClasses.vue","44","      joinError.value = res.message || 'الكود غير صحيح'"
"C:\Users\feras\Desktop\feras\apps\web\src\components\home\StudentClasses.vue","48","    joinError.value = 'فشل الانضمام'"
"C:\Users\feras\Desktop\feras\apps\web\src\components\home\StudentClasses.vue","61","      <h2>🏫 فصولي</h2>"
"C:\Users\feras\Desktop\feras\apps\web\src\components\home\StudentClasses.vue","66","        <span>انضم لفصل</span>"
"C:\Users\feras\Desktop\feras\apps\web\src\components\home\StudentClasses.vue","71","      <p>لم تنضم لأي فصل بعد</p>"
"C:\Users\feras\Desktop\feras\apps\web\src\components\home\StudentClasses.vue","72","      <p class=""sub"">اضغط ""انضم لفصل"" وأدخل كود الفصل</p>"
"C:\Users\feras\Desktop\feras\apps\web\src\components\home\StudentClasses.vue","85","        <h3>انضم لفصل</h3>"
"C:\Users\feras\Desktop\feras\apps\web\src\components\home\StudentClasses.vue","86","        <input v-model=""joinCode"" type=""text"" placeholder=""أدخل كود الفصل (مثال: A1B2C3D4)"" maxlength=""8"" @keyup.enter=""handleJoinClass"" />"
"C:\Users\feras\Desktop\feras\apps\web\src\components\home\StudentClasses.vue","89","          <button class=""join-cancel"" @click=""showJoinModal = false"">إلغاء</button>"
"C:\Users\feras\Desktop\feras\apps\web\src\components\home\StudentClasses.vue","91","            {{ joinLoading ? '...' : 'انضمام' }}"
"C:\Users\feras\Desktop\feras\apps\web\src\components\landing\LandingGuestButtons.vue","14","    <span>{{ t('auth.or') || 'أو' }}</span>"
"C:\Users\feras\Desktop\feras\apps\web\src\components\landing\LandingHeroSection.vue","9","    <h1 class=""hero-title"">{{ t('landing.tagline') || 'مختبر العلوم التفاعلي' }}</h1>"
"C:\Users\feras\Desktop\feras\apps\web\src\components\landing\LandingLangSwitcher.vue","15","      <option value=""ar"">🇸🇦 العربية</option>"
"C:\Users\feras\Desktop\feras\apps\web\src\components\layout\AppNavbar.vue","56","        <span class=""tool-label"">الإدارة</span>"
"C:\Users\feras\Desktop\feras\apps\web\src\components\layout\AppNavbar.vue","64","        <span class=""tool-label"">فصولي</span>"
"C:\Users\feras\Desktop\feras\apps\web\src\components\layout\AppNavbar.vue","68","        <span class=""tool-label"">تجاربي</span>"
"C:\Users\feras\Desktop\feras\apps\web\src\components\layout\AppNavbar.vue","72","        <span class=""tool-label"">تصحيح</span>"
"C:\Users\feras\Desktop\feras\apps\web\src\components\layout\AppNavbar.vue","77","        <span class=""tool-label"">إحصائيات</span>"
"C:\Users\feras\Desktop\feras\apps\web\src\components\layout\AppNavbar.vue","85","        <span class=""tool-label"">فصولي</span>"
"C:\Users\feras\Desktop\feras\apps\web\src\components\layout\AppNavbar.vue","89","        <span class=""tool-label"">الفروع</span>"
"C:\Users\feras\Desktop\feras\apps\web\src\components\layout\AppNavbar.vue","93","        <span class=""tool-label"">تقاريري</span>"
"C:\Users\feras\Desktop\feras\apps\web\src\components\layout\AppNavbar.vue","97","        <span class=""tool-label"">ملفي</span>"
"C:\Users\feras\Desktop\feras\apps\web\src\components\layout\AppNavbar.vue","104","      <button class=""rate-btn"" @click=""showFeedback = true"" title=""تقييم المشروع"">⭐</button>"
"C:\Users\feras\Desktop\feras\apps\web\src\components\layout\AppNavbar.vue","108","        <span class=""user-role"">مشرف</span>"
"C:\Users\feras\Desktop\feras\apps\web\src\components\layout\AppNavbar.vue","112","        <span class=""user-role"">معلم</span>"
"C:\Users\feras\Desktop\feras\apps\web\src\components\layout\AppNavbar.vue","116","        <span class=""user-role"">طالب</span>"
"C:\Users\feras\Desktop\feras\apps\web\src\components\layout\AppNavbar.vue","118","      <button class=""logout-btn"" @click=""auth.logout(); router.push('/')"">خروج</button>"
"C:\Users\feras\Desktop\feras\apps\web\src\components\student\ReportResubmitModal.vue","61","      success.value = 'تم إعادة الإرسال بنجاح';"
"C:\Users\feras\Desktop\feras\apps\web\src\components\student\ReportResubmitModal.vue","64","      error.value = 'فشل الإرسال';"
"C:\Users\feras\Desktop\feras\apps\web\src\components\student\ReportResubmitModal.vue","67","    error.value = 'فشل الاتصال بالخادم';"
"C:\Users\feras\Desktop\feras\apps\web\src\components\student\ReportResubmitModal.vue","77","      <h3>↩️ إعادة إرسال — {{ originalReport.experiment_name }}</h3>"
"C:\Users\feras\Desktop\feras\apps\web\src\components\student\ReportResubmitModal.vue","80","        <label>الفصل</label>"
"C:\Users\feras\Desktop\feras\apps\web\src\components\student\ReportResubmitModal.vue","87","        <label>القراءات (JSON)</label>"
"C:\Users\feras\Desktop\feras\apps\web\src\components\student\ReportResubmitModal.vue","92","        <label>الخاتمة / التعديلات</label>"
"C:\Users\feras\Desktop\feras\apps\web\src\components\student\ReportResubmitModal.vue","93","        <textarea v-model=""conclusion"" rows=""3"" placeholder=""ما التعديلات التي أجريتها؟"" />"
"C:\Users\feras\Desktop\feras\apps\web\src\components\student\ReportResubmitModal.vue","100","        <button class=""btn-cancel"" @click=""$emit('update:show', false)"">إلغاء</button>"
"C:\Users\feras\Desktop\feras\apps\web\src\components\student\ReportResubmitModal.vue","102","          {{ loading ? '...' : '↩️ إعادة إرسال' }}"
"C:\Users\feras\Desktop\feras\apps\web\src\components\student\StudentProfile.vue","40","  if (s === 'graded') return { text: '✅ مصحح', color: 'graded' };"
"C:\Users\feras\Desktop\feras\apps\web\src\components\student\StudentProfile.vue","41","  if (s === 'submitted') return { text: '⏳ قيد المراجعة', color: 'pending' };"
"C:\Users\feras\Desktop\feras\apps\web\src\components\student\StudentProfile.vue","42","  if (s === 'resubmitted') return { text: '↩️ مُعاد', color: 'resubmitted' };"
"C:\Users\feras\Desktop\feras\apps\web\src\components\student\StudentProfile.vue","43","  return { text: '📝 مسودة', color: 'draft' };"
"C:\Users\feras\Desktop\feras\apps\web\src\components\student\StudentProfile.vue","56","        <p class=""role"">طالب</p>"
"C:\Users\feras\Desktop\feras\apps\web\src\components\student\StudentProfile.vue","63","        <span class=""stat-label"">إجمالي التقارير</span>"
"C:\Users\feras\Desktop\feras\apps\web\src\components\student\StudentProfile.vue","67","        <span class=""stat-label"">مصحح</span>"
"C:\Users\feras\Desktop\feras\apps\web\src\components\student\StudentProfile.vue","71","        <span class=""stat-label"">معلق</span>"
"C:\Users\feras\Desktop\feras\apps\web\src\components\student\StudentProfile.vue","75","        <span class=""stat-label"">المتوسط</span>"
"C:\Users\feras\Desktop\feras\apps\web\src\components\student\StudentProfile.vue","79","        <span class=""stat-label"">أفضل درجة</span>"
"C:\Users\feras\Desktop\feras\apps\web\src\components\student\StudentProfile.vue","83","        <span class=""stat-label"">الفصول</span>"
"C:\Users\feras\Desktop\feras\apps\web\src\components\student\StudentProfile.vue","88","      <h3>📋 أحدث التقارير</h3>"
"C:\Users\feras\Desktop\feras\apps\web\src\components\student\StudentProfile.vue","90","      <div v-else-if=""recentReports.length === 0"" class=""empty"">لا توجد تقارير</div>"
"C:\Users\feras\Desktop\feras\apps\web\src\components\student\StudentReports.vue","46","  if (s === 'graded') return '✅ مصحح'"
"C:\Users\feras\Desktop\feras\apps\web\src\components\student\StudentReports.vue","47","  if (s === 'submitted') return '⏳ قيد المراجعة'"
"C:\Users\feras\Desktop\feras\apps\web\src\components\student\StudentReports.vue","48","  if (s === 'resubmitted') return '↩️ مُعاد'"
"C:\Users\feras\Desktop\feras\apps\web\src\components\student\StudentReports.vue","49","  return '📝 مسودة'"
"C:\Users\feras\Desktop\feras\apps\web\src\components\student\StudentReports.vue","71","      <h2>📋 تقاريري</h2>"
"C:\Users\feras\Desktop\feras\apps\web\src\components\student\StudentReports.vue","72","      <span v-if=""reports.length"" class=""count"">{{ reports.length }} تقرير</span>"
"C:\Users\feras\Desktop\feras\apps\web\src\components\student\StudentReports.vue","77","      <p>لم تُرسل أي تقرير بعد</p>"
"C:\Users\feras\Desktop\feras\apps\web\src\components\student\StudentReports.vue","78","      <p class=""sub"">أجرِ تجربة ثم أرسلها للمدرس</p>"
"C:\Users\feras\Desktop\feras\apps\web\src\components\student\StudentReports.vue","100","          <span v-if=""selectedReport.graded_by_name"" class=""grade-teacher"">مصحح: {{ selectedReport.graded_by_name }}</span>"
"C:\Users\feras\Desktop\feras\apps\web\src\components\student\StudentReports.vue","104","          ↩️ تم إعادة الإرسال — في انتظار التصحيح"
"C:\Users\feras\Desktop\feras\apps\web\src\components\student\StudentReports.vue","107","          ⏳ قيد المراجعة"
"C:\Users\feras\Desktop\feras\apps\web\src\components\student\StudentReports.vue","120","          <button class=""btn-close"" @click=""viewOpen = false"">إغلاق</button>"
"C:\Users\feras\Desktop\feras\apps\web\src\components\student\StudentReports.vue","126","            ↩️ إعادة إرسال"
"C:\Users\feras\Desktop\feras\apps\web\src\components\teacher\ClassManager.vue","46","        <h2>🏫 فصولي</h2>"
"C:\Users\feras\Desktop\feras\apps\web\src\components\teacher\ClassManager.vue","47","        <span v-if=""classes.length"" class=""class-count"">{{ classes.length }} فصل</span>"
"C:\Users\feras\Desktop\feras\apps\web\src\components\teacher\ClassManager.vue","51","        <span>إنشاء فصل جديد</span>"
"C:\Users\feras\Desktop\feras\apps\web\src\components\teacher\ClassManager.vue","57","      <p>لا توجد فصول بعد</p>"
"C:\Users\feras\Desktop\feras\apps\web\src\components\teacher\ClassManager.vue","58","      <button class=""create-btn alt"" @click=""showModal = true"">أنشئ فصلك الأول</button>"
"C:\Users\feras\Desktop\feras\apps\web\src\components\teacher\ClassManager.vue","76","              <span class=""lab"">طلاب</span>"
"C:\Users\feras\Desktop\feras\apps\web\src\components\teacher\ClassManager.vue","80","              <span class=""lab"">تقارير</span>"
"C:\Users\feras\Desktop\feras\apps\web\src\components\teacher\ClassManager.vue","84","              <span class=""lab"">معلقة</span>"
"C:\Users\feras\Desktop\feras\apps\web\src\components\teacher\ClassManager.vue","88","              <span class=""lab"">متوسط</span>"
"C:\Users\feras\Desktop\feras\apps\web\src\components\teacher\ClassManager.vue","93","          <div v-else-if=""classStudents.length === 0"" class=""detail-empty"">لا يوجد طلاب مسجلين</div>"
"C:\Users\feras\Desktop\feras\apps\web\src\components\teacher\ClassManager.vue","96","              <span>الطالب</span>"
"C:\Users\feras\Desktop\feras\apps\web\src\components\teacher\ClassManager.vue","97","              <span>البريد</span>"
"C:\Users\feras\Desktop\feras\apps\web\src\components\teacher\ClassManager.vue","98","              <span>تاريخ الانضمام</span>"
"C:\Users\feras\Desktop\feras\apps\web\src\components\teacher\CreateClassModal.vue","29","      <h3>إنشاء فصل جديد</h3>"
"C:\Users\feras\Desktop\feras\apps\web\src\components\teacher\CreateClassModal.vue","33","        placeholder=""اسم الفصل"""
"C:\Users\feras\Desktop\feras\apps\web\src\components\teacher\CreateClassModal.vue","38","        <button class=""join-cancel"" @click=""onClose"">إلغاء</button>"
"C:\Users\feras\Desktop\feras\apps\web\src\components\teacher\CreateClassModal.vue","39","        <button class=""join-confirm"" @click=""onConfirm"">إنشاء</button>"
"C:\Users\feras\Desktop\feras\apps\web\src\components\teacher\ReportAIAnalyzer.vue","54","  lines.push(`📊 **تحليل التقرير: ${props.report.experiment_name}**`);"
"C:\Users\feras\Desktop\feras\apps\web\src\components\teacher\ReportAIAnalyzer.vue","56","  lines.push(`**الطالب:** ${props.report.student_name}`);"
"C:\Users\feras\Desktop\feras\apps\web\src\components\teacher\ReportAIAnalyzer.vue","57","  lines.push(`**عدد القراءات:** ${readings.value.length}`);"
"C:\Users\feras\Desktop\feras\apps\web\src\components\teacher\ReportAIAnalyzer.vue","58","  lines.push(`**جودة البيانات:** ${dataQuality.value}%`);"
"C:\Users\feras\Desktop\feras\apps\web\src\components\teacher\ReportAIAnalyzer.vue","61","  // نقاط القوة"
"C:\Users\feras\Desktop\feras\apps\web\src\components\teacher\ReportAIAnalyzer.vue","62","  lines.push(`✅ **نقاط القوة:**`);"
"C:\Users\feras\Desktop\feras\apps\web\src\components\teacher\ReportAIAnalyzer.vue","63","  if (readings.value.length >= 5) lines.push(`- عدد قراءات جيد (${readings.value.length})`);"
"C:\Users\feras\Desktop\feras\apps\web\src\components\teacher\ReportAIAnalyzer.vue","64","  else if (readings.value.length >= 3) lines.push(`- عدد قراءات مقبول (${readings.value.length})`);"
"C:\Users\feras\Desktop\feras\apps\web\src\components\teacher\ReportAIAnalyzer.vue","65","  else lines.push(`- ⚠️ عدد قراءات قليل (${readings.value.length}) — يحتاج لقراءات إضافية`);"
"C:\Users\feras\Desktop\feras\apps\web\src\components\teacher\ReportAIAnalyzer.vue","67","  if (hasEquations.value) lines.push(`- يتضمن معادلات رياضية`);"
"C:\Users\feras\Desktop\feras\apps\web\src\components\teacher\ReportAIAnalyzer.vue","68","  if (hasPlots.value) lines.push(`- يتضمن رسومات بيانية`);"
"C:\Users\feras\Desktop\feras\apps\web\src\components\teacher\ReportAIAnalyzer.vue","69","  if (hasConclusion.value) lines.push(`- يتضمن خاتمة وتحليل`);"
"C:\Users\feras\Desktop\feras\apps\web\src\components\teacher\ReportAIAnalyzer.vue","70","  if (hasChart.value) lines.push(`- يتضمن رسم بياني فعلي`);"
"C:\Users\feras\Desktop\feras\apps\web\src\components\teacher\ReportAIAnalyzer.vue","71","  if (!hasEquations.value) lines.push(`- ⚠️ لا يوجد معادلات — يُنصح بإضافة المعادلات`);"
"C:\Users\feras\Desktop\feras\apps\web\src\components\teacher\ReportAIAnalyzer.vue","72","  if (!hasConclusion.value) lines.push(`- ⚠️ لا يوجد خاتمة — يُنصح بإضافة تحليل للنتائج`);"
"C:\Users\feras\Desktop\feras\apps\web\src\components\teacher\ReportAIAnalyzer.vue","74","  lines.push(`**ملاحظات:**`);"
"C:\Users\feras\Desktop\feras\apps\web\src\components\teacher\ReportAIAnalyzer.vue","76","    lines.push(`- المتوسطات المحسوبة: ${Object.entries(stats.value).map(([k, v]) => `${k}=${(v as number).toFixed(2)}`).join(', ')}`);"
"C:\Users\feras\Desktop\feras\apps\web\src\components\teacher\ReportAIAnalyzer.vue","79","  lines.push(`**اقتراح الدرجة:** ${Math.round(dataQuality.value)} / 100`);"
"C:\Users\feras\Desktop\feras\apps\web\src\components\teacher\ReportAIAnalyzer.vue","89","      <h4>🤖 تحليل ذكي</h4>"
"C:\Users\feras\Desktop\feras\apps\web\src\components\teacher\ReportAIAnalyzer.vue","91","        {{ analyzing ? '...' : 'تحليل' }}"
"C:\Users\feras\Desktop\feras\apps\web\src\components\teacher\ReportAIAnalyzer.vue","94","        إخفاء"
"C:\Users\feras\Desktop\feras\apps\web\src\components\teacher\ReportAIAnalyzer.vue","99","      يحلل البيانات..."
"C:\Users\feras\Desktop\feras\apps\web\src\components\teacher\ReportAIAnalyzer.vue","108","        <span class=""label"">📋 القراءات:</span>"
"C:\Users\feras\Desktop\feras\apps\web\src\components\teacher\ReportAIAnalyzer.vue","112","        <span class=""label"">📐 معادلات:</span>"
"C:\Users\feras\Desktop\feras\apps\web\src\components\teacher\ReportAIAnalyzer.vue","118","        <span class=""label"">📈 رسومات:</span>"
"C:\Users\feras\Desktop\feras\apps\web\src\components\teacher\ReportAIAnalyzer.vue","124","        <span class=""label"">📝 خاتمة:</span>"
"C:\Users\feras\Desktop\feras\apps\web\src\components\teacher\ReportAIAnalyzer.vue","130","        <span class=""label"">📸 رسم بياني:</span>"
"C:\Users\feras\Desktop\feras\apps\web\src\components\teacher\ReportAIAnalyzer.vue","136","        <span class=""label"">🎯 جودة البيانات:</span>"
"C:\Users\feras\Desktop\feras\apps\web\src\composables\admin\useAdminSystemHealth.ts","16","      error.value = (err instanceof Error ? err.message : '') || 'فشل التحميل';"
"C:\Users\feras\Desktop\feras\apps\web\src\composables\admin\useAdminUserDetail.ts","16","      error.value = (err instanceof Error ? err.message : '') || 'فشل التحميل';"
"C:\Users\feras\Desktop\feras\apps\web\src\composables\admin\useAdminUsers.ts","26","      error.value = (err instanceof Error ? err.message : '') || 'فشل التحميل';"
"C:\Users\feras\Desktop\feras\apps\web\src\composables\admin\useAdminUsers.ts","33","    if (!confirm('هل تريد حذف هذا المستخدم؟ لا يمكن التراجع.')) return;"
"C:\Users\feras\Desktop\feras\apps\web\src\composables\admin\useAdminWarnings.ts","16","      error.value = (err instanceof Error ? err.message : '') || 'فشل التحميل';"
"C:\Users\feras\Desktop\feras\apps\web\src\composables\analysis\sendToAnalysis.ts","26","    // fallback: استخدم last analysis إذا لم يكن هناك pending"
"C:\Users\feras\Desktop\feras\apps\web\src\composables\analysis\useSmartValidator.ts","17","    if (!rows.length) { list.push({ type: 'error', message: 'لا توجد بيانات للتحليل' }); return list; }"
"C:\Users\feras\Desktop\feras\apps\web\src\composables\analysis\useSmartValidator.ts","18","    if (rows.length < 3) list.push({ type: 'warn', message: '3 قراءات على الأقل موصى بها للدقة' });"
"C:\Users\feras\Desktop\feras\apps\web\src\composables\analysis\useSmartValidator.ts","22","      if (!vals.length) { list.push({ type: 'error', message: `عمود ${col.label} فارغ` }); continue; }"
"C:\Users\feras\Desktop\feras\apps\web\src\composables\analysis\useSmartValidator.ts","27","      if (out > 0) list.push({ type: 'warn', message: `${out} قيمة شاذة في ${col.label} (>2σ)` });"
"C:\Users\feras\Desktop\feras\apps\web\src\composables\analysis\useSmartValidator.ts","28","      if (cv > 20) list.push({ type: 'warn', message: `تباين عالٍ في ${col.label} (CV=${cv.toFixed(1)}%)` });"
"C:\Users\feras\Desktop\feras\apps\web\src\composables\analysis\useSmartValidator.ts","33","    if ((en.includes('spring') || en.includes('نابض')) && columns.value.find(c => c.key === 'T2')) {"
"C:\Users\feras\Desktop\feras\apps\web\src\composables\analysis\useSmartValidator.ts","46","          if (cvSlope > 15) list.push({ type: 'warn', message: 'نسبة T²/m غير ثابتة — تحقق من القياسات' });"
"C:\Users\feras\Desktop\feras\apps\web\src\composables\analysis\useSmartValidator.ts","51","    if (!list.length) list.push({ type: 'info', message: '✅ جميع الفحوصات تم passed' });"
"C:\Users\feras\Desktop\feras\apps\web\src\composables\analysis\useTheoreticalValues.ts","1","// القيم النظرية لكل تجربة"
"C:\Users\feras\Desktop\feras\apps\web\src\composables\analysis\useTheoreticalValues.ts","11","  if (e.includes('spring') || e.includes('نابض')) {"
"C:\Users\feras\Desktop\feras\apps\web\src\composables\analysis\useTheoreticalValues.ts","23","  if (e.includes('pendulum') || e.includes('بندول')) {"
"C:\Users\feras\Desktop\feras\apps\web\src\composables\analysis\useTheoreticalValues.ts","35","  if (e.includes('free') || e.includes('fall') || e.includes('سقوط')) {"
"C:\Users\feras\Desktop\feras\apps\web\src\composables\analysis\useTheoreticalValues.ts","61","    quality: pct < 1 ? 'ممتاز' : pct < 5 ? 'جيد' : pct < 10 ? 'مقبول' : 'يحتاج مراجعة',"
"C:\Users\feras\Desktop\feras\apps\web\src\composables\auth\useAuthActions.ts","36","      if (status === 401) error.value = 'البريد الإلكتروني أو كلمة المرور غير صحيحة'"
"C:\Users\feras\Desktop\feras\apps\web\src\composables\auth\useAuthActions.ts","37","      else if (isNetworkError(err)) error.value = 'تعذر الاتصال بالخادم (تأكد من تشغيل backend)'"
"C:\Users\feras\Desktop\feras\apps\web\src\composables\auth\useAuthActions.ts","65","      if (status === 409) error.value = 'هذا البريد الإلكتروني مستخدم مسبقًا'"
"C:\Users\feras\Desktop\feras\apps\web\src\composables\auth\useAuthActions.ts","66","      else if (status === 400) error.value = 'بيانات التسجيل غير صحيحة'"
"C:\Users\feras\Desktop\feras\apps\web\src\composables\auth\useAuthActions.ts","67","      else if (isNetworkError(err)) error.value = 'تعذر الاتصال بالخادم (تأكد من تشغيل backend)'"
"C:\Users\feras\Desktop\feras\apps\web\src\composables\auth\useAuthActions.ts","68","      else error.value = 'فشل إنشاء الحساب'"
"C:\Users\feras\Desktop\feras\apps\web\src\composables\auth\useAuthActions.ts","141","      if (status === 404) error.value = 'الكود غير صحيح'"
"C:\Users\feras\Desktop\feras\apps\web\src\composables\auth\useAuthActions.ts","142","      else if (isNetworkError(err)) error.value = 'تعذر الاتصال بالخادم'"
"C:\Users\feras\Desktop\feras\apps\web\src\composables\collision\useCollisionExperiment.ts","86","      sourceExperiment: 'collision', sourceNameAr: 'التصادم في بعد واحد', readings,"
"C:\Users\feras\Desktop\feras\apps\web\src\composables\collision\useCollisionExperiment.ts","94","        { key: 'Pi', label: 'P قبل', unit: 'kg·m/s' },"
"C:\Users\feras\Desktop\feras\apps\web\src\composables\collision\useCollisionExperiment.ts","95","        { key: 'Pf', label: 'P بعد', unit: 'kg·m/s' },"
"C:\Users\feras\Desktop\feras\apps\web\src\composables\collision\useCollisionExperiment.ts","96","        { key: 'KEi', label: 'KE قبل', unit: 'J' },"
"C:\Users\feras\Desktop\feras\apps\web\src\composables\collision\useCollisionExperiment.ts","97","        { key: 'KEf', label: 'KE بعد', unit: 'J' },"
"C:\Users\feras\Desktop\feras\apps\web\src\composables\collision\useCollisionExperiment.ts","98","        { key: 'lossPercent', label: 'فقدان الطاقة', unit: '%' },"
"C:\Users\feras\Desktop\feras\apps\web\src\composables\collision\useCollisionExperiment.ts","101","        { name: 'حفظ الزخم', formula: 'm₁v₁i + m₂v₂i = m₁v₁f + m₂v₂f', variables: [{ symbol: 'm1', label: 'm₁' }, { symbol: 'm2', label: 'm₂' }, { symbol: 'v1i', label: 'v₁i' }, { symbol: 'v2i', label: 'v₂i' }, { symbol: 'v1f', label: 'v₁f' }, { symbol: 'v2f', label: 'v₂f' }], solveFor: ['v1f', 'v2f'] },"
"C:\Users\feras\Desktop\feras\apps\web\src\composables\collision\useCollisionExperiment.ts","102","        { name: 'معامل الاستعادة', formula: 'e = (v₂f − v₁f)/(v₁i − v₂i)', variables: [{ symbol: 'e', label: 'e' }, { symbol: 'v1i', label: 'v₁i' }, { symbol: 'v2i', label: 'v₂i' }, { symbol: 'v1f', label: 'v₁f' }, { symbol: 'v2f', label: 'v₂f' }], solveFor: ['e'] },"
"C:\Users\feras\Desktop\feras\apps\web\src\composables\collision\useCollisionExperiment.ts","106","        { xKey: 'KEi', yKey: 'KEf', xLabel: 'KE قبل (J)', yLabel: 'KE بعد (J)', type: 'scatter' },"
"C:\Users\feras\Desktop\feras\apps\web\src\composables\collision\useCollisionLayout.ts","15","  params: '⚙️ المعاملات',"
"C:\Users\feras\Desktop\feras\apps\web\src\composables\collision\useCollisionLayout.ts","16","  data: '📊 البيانات',"
"C:\Users\feras\Desktop\feras\apps\web\src\composables\collision\useCollisionLayout.ts","17","  signal: '📈 إشارة v(t)',"
"C:\Users\feras\Desktop\feras\apps\web\src\composables\collision\useCollisionLayout.ts","18","  stats: '📈 الإحصائيات',"
"C:\Users\feras\Desktop\feras\apps\web\src\composables\collision\useCollisionLayout.ts","19","  equations: '🧮 المعادلات',"
"C:\Users\feras\Desktop\feras\apps\web\src\composables\collision\useCollisionLayout.ts","20","  report: '📝 التقرير',"
"C:\Users\feras\Desktop\feras\apps\web\src\composables\collision\useCollisionReport.ts","25","<title>تقرير تجربة التصادم</title>"
"C:\Users\feras\Desktop\feras\apps\web\src\composables\collision\useCollisionReport.ts","37","<h1>💥 تقرير تجربة التصادم في بعد واحد</h1>"
"C:\Users\feras\Desktop\feras\apps\web\src\composables\collision\useCollisionReport.ts","38","<p><strong>التاريخ:</strong> ${new Date().toLocaleString('ar-SA')}</p>"
"C:\Users\feras\Desktop\feras\apps\web\src\composables\collision\useCollisionReport.ts","40","<h2>📋 البيانات المسجلة</h2>"
"C:\Users\feras\Desktop\feras\apps\web\src\composables\collision\useCollisionTrials.ts","140","    if (!trials.value.length) { calcResult.value = 'لا توجد محاولات مسجلة'; return }"
"C:\Users\feras\Desktop\feras\apps\web\src\composables\collision\useCollisionTrials.ts","146","    if (!trials.value.length) { calcResult.value = 'لا توجد محاولات مسجلة'; return }"
"C:\Users\feras\Desktop\feras\apps\web\src\composables\collision\useCollisionTrials.ts","148","    calcResult.value = `فقد الطاقة = ${t.lossPercent}% (KEi=${t.KEi} J, KEf=${t.KEf} J)`"
"C:\Users\feras\Desktop\feras\apps\web\src\composables\experiment\analysis\useChartWorkspace.ts","76","        return '⚠️ الميل يجب أن يكون ≈ -1 لمعادلة العدسة. تحقق من البيانات.'"
"C:\Users\feras\Desktop\feras\apps\web\src\composables\experiment\analysis\useChartWorkspace.ts","81","      return '⚠️ الميل سالب — قد تشير البيانات إلى قياسات غير متناسقة. تأكد من تشغيل المحاكاة بعد تغيير المعاملات.'"
"C:\Users\feras\Desktop\feras\apps\web\src\composables\experiment\analysis\useChartWorkspace.ts","84","      return '⚠️ الميل شبه معدوم — ربما المتغير المستقل لا يؤثر في المتغير التابع.'"
"C:\Users\feras\Desktop\feras\apps\web\src\composables\experiment\analysis\useChartWorkspace.ts","95","      return { label: 'k من الانحدار', formula: 'k = 4π² / ميل(T² vs m)', value: k, unit: 'N/m', expr: `4π² / ${s.toFixed(4)}` }"
"C:\Users\feras\Desktop\feras\apps\web\src\composables\experiment\analysis\useChartWorkspace.ts","99","      return { label: 'g من الانحدار', formula: 'g = 4π² / ميل(T² vs L)', value: g, unit: 'm/s²', expr: `4π² / ${s.toFixed(4)}` }"
"C:\Users\feras\Desktop\feras\apps\web\src\composables\experiment\analysis\useChartWorkspace.ts","103","      return { label: 'g من الانحدار', formula: 'g = 2 · ميل(h vs t²)', value: g, unit: 'm/s²', expr: `2 × ${s.toFixed(4)}` }"
"C:\Users\feras\Desktop\feras\apps\web\src\composables\experiment\analysis\useChartWorkspace.ts","106","      return { label: 'g من المنحدر', formula: 'g = ميل(a vs sinθ)', value: s, unit: 'm/s²', expr: `${s.toFixed(4)}` }"
"C:\Users\feras\Desktop\feras\apps\web\src\composables\experiment\analysis\useChartWorkspace.ts","109","      return { label: 'نسبة حفظ الطاقة', formula: 'KEf/KEi = ميل', value: s, unit: '', expr: `${s.toFixed(4)}` }"
"C:\Users\feras\Desktop\feras\apps\web\src\composables\experiment\analysis\useChartWorkspace.ts","112","      return { label: 'نسبة حفظ الزخم', formula: 'Pf/Pi = ميل', value: s, unit: '', expr: `${s.toFixed(4)}` }"
"C:\Users\feras\Desktop\feras\apps\web\src\composables\experiment\analysis\useChartWorkspace.ts","119","        label: 'θ من الانحدار',"
"C:\Users\feras\Desktop\feras\apps\web\src\composables\experiment\analysis\useChartWorkspace.ts","120","        formula: 'tanθ = 4·ميل(H vs R) → θ = arctan(4s)',"
"C:\Users\feras\Desktop\feras\apps\web\src\composables\experiment\analysis\useChartWorkspace.ts","128","      return { label: 'sin(2θ)/g من الانحدار', formula: 'ميل = sin(2θ)/g', value: s, unit: 's²/m', expr: `${s.toFixed(4)}` }"
"C:\Users\feras\Desktop\feras\apps\web\src\composables\experiment\analysis\useChartWorkspace.ts","132","      return { label: 'v₀²/g من الانحدار', formula: 'ميل = v₀²/g', value: s, unit: 'm', expr: `${s.toFixed(4)}` }"
"C:\Users\feras\Desktop\feras\apps\web\src\composables\experiment\analysis\useChartWorkspace.ts","136","      return { label: 'm₂·d₂ من الانحدار', formula: 'ميل = m₂·d₂', value: s, unit: 'kg·m', expr: `${s.toFixed(4)}` }"
"C:\Users\feras\Desktop\feras\apps\web\src\composables\experiment\analysis\useChartWorkspace.ts","139","      return { label: 'm₁·d₁ من الانحدار', formula: 'ميل = m₁·d₁', value: s, unit: 'kg·m', expr: `${s.toFixed(4)}` }"
"C:\Users\feras\Desktop\feras\apps\web\src\composables\experiment\analysis\useChartWorkspace.ts","146","        label: 'معامل الانكسار n₂ وسرعة الضوء',"
"C:\Users\feras\Desktop\feras\apps\web\src\composables\experiment\analysis\useChartWorkspace.ts","147","        formula: 'n₂ = ميل(sin θᵢ vs sin θₜ)    v = c / n₂',"
"C:\Users\feras\Desktop\feras\apps\web\src\composables\experiment\analysis\useChartWorkspace.ts","158","        label: 'البعد البؤري f من الانحدار',"
"C:\Users\feras\Desktop\feras\apps\web\src\composables\experiment\analysis\useChartWorkspace.ts","207","      ctx.fillText('اختر محورين للرسم', w / 2, h / 2)"
"C:\Users\feras\Desktop\feras\apps\web\src\composables\experiment\analysis\useEquationSolver.ts","68","      } else result.value = 'أدخل قيم صحيحة للمتغيرات المعروفة'"
"C:\Users\feras\Desktop\feras\apps\web\src\composables\experiment\analysis\useEquationSolver.ts","79","      } else result.value = 'أدخل قيم صحيحة للمتغيرات المعروفة'"
"C:\Users\feras\Desktop\feras\apps\web\src\composables\experiment\analysis\useEquationSolver.ts","86","      } else result.value = 'أدخل قيم صحيحة'"
"C:\Users\feras\Desktop\feras\apps\web\src\composables\experiment\analysis\useEquationSolver.ts","97","      } else result.value = 'أدخل قيم صحيحة للمتغيرات المعروفة'"
"C:\Users\feras\Desktop\feras\apps\web\src\composables\experiment\analysis\useEquationSolver.ts","106","      } else result.value = 'أدخل قيم صحيحة'"
"C:\Users\feras\Desktop\feras\apps\web\src\composables\experiment\analysis\useEquationSolver.ts","116","      } else result.value = 'أدخل قيم صحيحة'"
"C:\Users\feras\Desktop\feras\apps\web\src\composables\experiment\analysis\useEquationSolver.ts","127","      } else result.value = 'أدخل قيم صحيحة'"
"C:\Users\feras\Desktop\feras\apps\web\src\composables\experiment\analysis\useEquationSolver.ts","133","      } else result.value = 'أدخل قيم صحيحة'"
"C:\Users\feras\Desktop\feras\apps\web\src\composables\experiment\analysis\useEquationSolver.ts","144","      } else result.value = 'أدخل قيم صحيحة'"
"C:\Users\feras\Desktop\feras\apps\web\src\composables\experiment\analysis\useEquationSolver.ts","150","      } else result.value = 'أدخل قيم صحيحة'"
"C:\Users\feras\Desktop\feras\apps\web\src\composables\experiment\analysis\useEquationSolver.ts","153","      result.value = `حساب ${missing} من المعادلة ${eq.formula}`"
"C:\Users\feras\Desktop\feras\apps\web\src\composables\experiment\collision\useCollisionCanvas.ts","91","    ctx.save(); ctx.translate(6, cy); ctx.rotate(-Math.PI / 2); ctx.fillText('حاجز', 0, 0); ctx.restore()"
"C:\Users\feras\Desktop\feras\apps\web\src\composables\experiment\collision\useCollisionCanvas.ts","92","    ctx.save(); ctx.translate(w - 6, cy); ctx.rotate(Math.PI / 2); ctx.fillText('حاجز', 0, 0); ctx.restore()"
"C:\Users\feras\Desktop\feras\apps\web\src\composables\experiment\collision\useCollisionCanvas.ts","111","      ctx.fillText(`Pقبل = ${st.Pi?.toFixed(1)}  |  Pبعد = ${st.Pf?.toFixed(1)}`, 22, 80)"
"C:\Users\feras\Desktop\feras\apps\web\src\composables\experiment\collision\useCollisionCanvas.ts","113","      ctx.fillText(`KEقبل = ${st.KEi?.toFixed(1)} J`, 22, 98)"
"C:\Users\feras\Desktop\feras\apps\web\src\composables\experiment\collision\useCollisionCanvas.ts","115","      ctx.fillText(`KEبعد = ${st.KEf?.toFixed(1)} J  |  فقدان ${st.lossPercent?.toFixed(0)}%`, 22, 116)"
"C:\Users\feras\Desktop\feras\apps\web\src\composables\experiment\collision\useCollisionCanvas.ts","124","    if (!st.running) status = 'اضغط ""بدء"" لإطلاق الكرتين'"
"C:\Users\feras\Desktop\feras\apps\web\src\composables\experiment\collision\useCollisionCanvas.ts","125","    else if (st.paused) status = '⏸️ متوقف مؤقتاً'"
"C:\Users\feras\Desktop\feras\apps\web\src\composables\experiment\collision\useCollisionCanvas.ts","126","    else if (st.collided) status = '💥 تصادم!'"
"C:\Users\feras\Desktop\feras\apps\web\src\composables\experiment\collision\useCollisionCanvas.ts","127","    else status = 'الكرتان تتحركان...'"
"C:\Users\feras\Desktop\feras\apps\web\src\composables\experiment\collision\useCollisionCanvas.ts","142","        ctx.fillText(`التصادم خلال ${timeToCollide.toFixed(1)}s`, w / 2, 80)"
"C:\Users\feras\Desktop\feras\apps\web\src\composables\experiment\lever\useLeverCanvas.ts","300","    const statusText = isBal ? '⚖️ متوازن' : `τ = ${st.netTorque.toFixed(2)} N·m`"
"C:\Users\feras\Desktop\feras\apps\web\src\composables\experiment\lever\useLeverCanvas.ts","398","      const val = prompt(`تغيير كتلة الكرة (الحالية: ${hitBall.mass} kg):`, String(hitBall.mass))"
"C:\Users\feras\Desktop\feras\apps\web\src\composables\experiment\lever\useLeverCanvas.ts","404","      if (confirm('حذف القوة؟')) emit.removeForce(hitForce.id)"
"C:\Users\feras\Desktop\feras\apps\web\src\composables\freefall\useFreeFallExperiment.ts","25","  const tutorMessage = computed(() => { if (!lab.sim.running) return 'اضغط ""إفلات"" لبدء السقوط'; if (lab.sim.paused) return 'متوقف مؤقتاً'; if (lab.sim.landed) return 'الكرة ارتطمت! اضغط ""تسجيل""'; return 'الكرة في الجو...' })"
"C:\Users\feras\Desktop\feras\apps\web\src\composables\freefall\useFreeFallExperiment.ts","88","      sourceExperiment: 'freefall', sourceNameAr: 'السقوط الحر', readings,"
"C:\Users\feras\Desktop\feras\apps\web\src\composables\freefall\useFreeFallExperiment.ts","90","        { key: 'h', label: 'الارتفاع', unit: 'm' },"
"C:\Users\feras\Desktop\feras\apps\web\src\composables\freefall\useFreeFallExperiment.ts","91","        { key: 't', label: 'الزمن', unit: 's' },"
"C:\Users\feras\Desktop\feras\apps\web\src\composables\freefall\useFreeFallExperiment.ts","93","        { key: 'gCalc', label: 'g المحسوب', unit: 'm/s²' },"
"C:\Users\feras\Desktop\feras\apps\web\src\composables\freefall\useFreeFallExperiment.ts","96","        { name: 'السقوط الحر', formula: 'h = ½gt²', variables: [{ symbol: 'h', label: 'الارتفاع' }, { symbol: 't', label: 'الزمن' }, { symbol: 'g', label: 'تسارع الجاذبية' }], solveFor: ['g', 't', 'h'] },"
"C:\Users\feras\Desktop\feras\apps\web\src\composables\freefall\useFreeFallExperiment.ts","97","        { name: 'g من القياس', formula: 'g = 2h/t²', variables: [{ symbol: 'h', label: 'الارتفاع' }, { symbol: 't', label: 'الزمن' }, { symbol: 'g', label: 'تسارع الجاذبية' }], solveFor: ['g'] },"
"C:\Users\feras\Desktop\feras\apps\web\src\composables\freefall\useFreeFallLayout.ts","98","      table: '📋 قراءات', equations: '⚗️ حسابات', stats: '📊 إحصائيات',"
"C:\Users\feras\Desktop\feras\apps\web\src\composables\freefall\useFreeFallLayout.ts","99","      scatter: '📈 Scatter', tutor: '⚖️ تحليل مباشر', report: '📋 تقرير', error: '⚠️ أخطاء',"
"C:\Users\feras\Desktop\feras\apps\web\src\composables\freefall\useFreeFallLayout.ts","100","      signal: '📈 إشارة y(t)', params: '⚙️ معاملات', guide: '📋 دليل',"
"C:\Users\feras\Desktop\feras\apps\web\src\composables\freefall\useFreeFallReport.ts","12","      caption: 'جدول قراءات السقوط الحر',"
"C:\Users\feras\Desktop\feras\apps\web\src\composables\freefall\useFreeFallReport.ts","13","      headers: ['#', 'h (m)', 't (s)', 't² (s²)', 'v_impact (m/s)', 'g_calc (m/s²)', 'الخطأ (%)'],"
"C:\Users\feras\Desktop\feras\apps\web\src\composables\freefall\useFreeFallReport.ts","23","    if (statsVal.g_mean > 0) stats.push({ label: 'g المتوسط', value: statsVal.g_mean.toFixed(2), unit: 'm/s²', highlight: true })"
"C:\Users\feras\Desktop\feras\apps\web\src\composables\freefall\useFreeFallReport.ts","24","    if (ex.params.g > 0) stats.push({ label: 'g النظري', value: ex.params.g.toFixed(2), unit: 'm/s²' })"
"C:\Users\feras\Desktop\feras\apps\web\src\composables\freefall\useFreeFallReport.ts","28","  <div><b>معادلة الزمن:</b> t = √(2h/g)</div>"
"C:\Users\feras\Desktop\feras\apps\web\src\composables\freefall\useFreeFallReport.ts","29","  <div><b>معادلة السرعة:</b> v = √(2gh)</div>"
"C:\Users\feras\Desktop\feras\apps\web\src\composables\freefall\useFreeFallReport.ts","30","  <div><b>عجلة الجاذبية:</b> g = 2h/t²</div>"
"C:\Users\feras\Desktop\feras\apps\web\src\composables\freefall\useFreeFallReport.ts","42","  <div>• الميل (slope) = ${(statsVal.g_mean / 2).toFixed(5)} m/s²</div>"
"C:\Users\feras\Desktop\feras\apps\web\src\composables\freefall\useFreeFallReport.ts","43","  <div>• g من الانحدار = ${statsVal.g_mean.toFixed(2)} m/s²</div>"
"C:\Users\feras\Desktop\feras\apps\web\src\composables\freefall\useFreeFallReport.ts","48","      title: '📋 تقرير تجربة السقوط الحر', icon: '🍎', experimentName: 'السقوط الحر — ميكانيكا الجاذبية',"
"C:\Users\feras\Desktop\feras\apps\web\src\composables\freefall\useFreeFallReport.ts","50","      meta: { 'الفرع': 'الميكانيكا', 'التجربة': 'السقوط الحر', 'g النظري': ex.params.g.toFixed(2) + ' m/s²' },"
"C:\Users\feras\Desktop\feras\apps\web\src\composables\freefall\useFreeFallReport.ts","52","        { label: 'الارتفاع (h)', value: ex.params.h.toFixed(2), unit: 'm' },"
"C:\Users\feras\Desktop\feras\apps\web\src\composables\freefall\useFreeFallReport.ts","54","        { label: 'الكتلة', value: ex.params.mass.toFixed(2), unit: 'kg' },"
"C:\Users\feras\Desktop\feras\apps\web\src\composables\freefall\useFreeFallReport.ts","55","        { label: 'مقاومة الهواء', value: ex.params.airResistance ? 'مفعلة' : 'غير مفعلة' },"
"C:\Users\feras\Desktop\feras\apps\web\src\composables\freefall\useFreeFallReport.ts","56","        { label: 'عدد القراءات', value: trials.length },"
"C:\Users\feras\Desktop\feras\apps\web\src\composables\freefall\useFreeFallReport.ts","60","        { title: '⚖️ القوانين الفيزيائية', html: lawsBlock },"
"C:\Users\feras\Desktop\feras\apps\web\src\composables\freefall\useFreeFallReport.ts","61","        calculationsBlock ? { title: '📐 الحسابات والمعادلات', html: calculationsBlock } : null,"
"C:\Users\feras\Desktop\feras\apps\web\src\composables\freefall\useFreeFallReport.ts","62","        regressionBlock ? { title: '📈 نتائج الانحدار الخطي', html: regressionBlock } : null,"
"C:\Users\feras\Desktop\feras\apps\web\src\composables\freefall\useFreeFallReport.ts","63","        { title: '⚠️ مصادر الأخطاء المحتملة', html: '<ul style=""margin:0;padding-right:1.2rem;font-size:.85rem""><li>دقة المؤقت الرقمي</li><li>دقة قياس الارتفاع</li><li>احتكاك الهواء</li><li>اهتزاز الجهاز عند الاصطدام</li><li>تأثير الجاذبية المحلية</li></ul>' },"
"C:\Users\feras\Desktop\feras\apps\web\src\composables\freefall\useFreeFallReport.ts","66","      footerNote: 'تم إنشاء هذا التقرير من المحاكاة التفاعلية • فيزياء الميكانيكا',"
"C:\Users\feras\Desktop\feras\apps\web\src\composables\freefall\useFreeFallTrials.ts","98","  const calcResult = ref('اضغط على زر لعرض الحساب')"
"C:\Users\feras\Desktop\feras\apps\web\src\composables\freefall\useFreeFallTrials.ts","100","    if (!measured.value.flightTime) { calcResult.value = 'يجب قياس الزمن أولاً'; return }"
"C:\Users\feras\Desktop\feras\apps\web\src\composables\freefall\useFreeFallTrials.ts","103","    calcResult.value = `<b>المعادلة:</b> g = 2h/t²<br><b>التعويض:</b> g = 2×${params.h.toFixed(2)} / (${measured.value.flightTime.toFixed(4)})²<br><b>النتيجة:</b> g = <b>${g.toFixed(2)} m/s²</b><br><b>الخطأ:</b> ${err.toFixed(2)}%`"
"C:\Users\feras\Desktop\feras\apps\web\src\composables\freefall\useFreeFallTrials.ts","107","    calcResult.value = `<b>المعادلة:</b> t = √(2h/g)<br><b>التعويض:</b> t = √(2×${params.h.toFixed(2)} / ${params.g.toFixed(2)})<br><b>النتيجة:</b> t = <b>${t.toFixed(4)} s</b>`"
"C:\Users\feras\Desktop\feras\apps\web\src\composables\freefall\useFreeFallTrials.ts","111","    calcResult.value = `<b>المعادلة:</b> v = √(2gh)<br><b>التعويض:</b> v = √(2×${params.g.toFixed(2)}×${params.h.toFixed(2)})<br><b>النتيجة:</b> v = <b>${v.toFixed(2)} m/s</b>`"
"C:\Users\feras\Desktop\feras\apps\web\src\composables\freefall\useFreeFallTrials.ts","114","    if (trials.value.length < 2) { calcResult.value = 'يجب قياستان على الأقل'; return }"
"C:\Users\feras\Desktop\feras\apps\web\src\composables\freefall\useFreeFallTrials.ts","118","    if (!fit || Math.abs(fit.slope) < 1e-12) { calcResult.value = 'بيانات غير كافية'; return }"
"C:\Users\feras\Desktop\feras\apps\web\src\composables\freefall\useFreeFallTrials.ts","122","    calcResult.value = `h = ${fit.slope.toFixed(5)}·t² ${fit.intercept >= 0 ? '+' : ''} ${fit.intercept.toFixed(5)}<br>R² = ${fit.r2.toFixed(4)} ${quality}<br>g = 2×slope = <b>${g.toFixed(2)} m/s²</b><br>الخطأ = <b>${err.toFixed(2)}%</b>`"
"C:\Users\feras\Desktop\feras\apps\web\src\composables\inclined\inclinedUtils.ts","10","  { id: 'block', name: 'Block', nameAr: 'مكعب', cd: 1.05, area: 0.01 },"
"C:\Users\feras\Desktop\feras\apps\web\src\composables\inclined\inclinedUtils.ts","11","  { id: 'sphere', name: 'Sphere', nameAr: 'كرة', cd: 0.47, area: 0.01 },"
"C:\Users\feras\Desktop\feras\apps\web\src\composables\inclined\inclinedUtils.ts","12","  { id: 'streamlined', name: 'Streamlined', nameAr: 'انسيابي', cd: 0.04, area: 0.008 },"
"C:\Users\feras\Desktop\feras\apps\web\src\composables\inclined\inclinedUtils.ts","13","  { id: 'feather', name: 'Feather', nameAr: 'ريشة', cd: 1.5, area: 0.03 },"
"C:\Users\feras\Desktop\feras\apps\web\src\composables\inclined\useInclinedExperiment.ts","26","    if (!lab.sim.running) return 'اضبط المعاملات واضغط ""بدء""'"
"C:\Users\feras\Desktop\feras\apps\web\src\composables\inclined\useInclinedExperiment.ts","27","    if (lab.sim.paused) return 'متوقف مؤقتاً'"
"C:\Users\feras\Desktop\feras\apps\web\src\composables\inclined\useInclinedExperiment.ts","28","    if (lab.sim.arrived) return 'الجسم وصل للقاعدة! اضغط ""تسجيل""'"
"C:\Users\feras\Desktop\feras\apps\web\src\composables\inclined\useInclinedExperiment.ts","29","    return 'الجسم ينزلق...'"
"C:\Users\feras\Desktop\feras\apps\web\src\composables\inclined\useInclinedExperiment.ts","98","      sourceExperiment: 'inclined', sourceNameAr: 'المنحدر المائل', readings,"
"C:\Users\feras\Desktop\feras\apps\web\src\composables\inclined\useInclinedExperiment.ts","100","        { key: 'thetaDeg', label: 'الزاوية', unit: '°' },"
"C:\Users\feras\Desktop\feras\apps\web\src\composables\inclined\useInclinedExperiment.ts","102","        { key: 'length', label: 'الطول', unit: 'm' },"
"C:\Users\feras\Desktop\feras\apps\web\src\composables\inclined\useInclinedExperiment.ts","103","        { key: 'mass', label: 'الكتلة', unit: 'kg' },"
"C:\Users\feras\Desktop\feras\apps\web\src\composables\inclined\useInclinedExperiment.ts","104","        { key: 'acceleration', label: 'التسارع', unit: 'm/s²' },"
"C:\Users\feras\Desktop\feras\apps\web\src\composables\inclined\useInclinedExperiment.ts","105","        { key: 'timeOfArrival', label: 'الزمن', unit: 's' },"
"C:\Users\feras\Desktop\feras\apps\web\src\composables\inclined\useInclinedExperiment.ts","106","        { key: 'finalVelocity', label: 'السرعة النهائية', unit: 'm/s' },"
"C:\Users\feras\Desktop\feras\apps\web\src\composables\inclined\useInclinedExperiment.ts","109","        { name: 'قانون نيوتن على المنحدر', formula: 'a = g·sinθ − μ·g·cosθ', variables: [{ symbol: 'a', label: 'التسارع' }, { symbol: 'g', label: 'g' }, { symbol: 'θ', label: 'الزاوية' }, { symbol: 'μ', label: 'معامل الاحتكاك' }], solveFor: ['a', 'μ', 'θ'] },"
"C:\Users\feras\Desktop\feras\apps\web\src\composables\inclined\useInclinedExperiment.ts","110","        { name: 'الحركة المنتظمة', formula: 's = ½at²', variables: [{ symbol: 's', label: 'المسافة' }, { symbol: 'a', label: 'التسارع' }, { symbol: 't', label: 'الزمن' }], solveFor: ['a', 't', 's'] },"
"C:\Users\feras\Desktop\feras\apps\web\src\composables\inclined\useInclinedLayout.ts","98","      table: '📋 قراءات', equations: '⚗️ حسابات', stats: '📊 إحصائيات',"
"C:\Users\feras\Desktop\feras\apps\web\src\composables\inclined\useInclinedLayout.ts","99","      scatter: '📈 مسار s(t)', signal: '📈 إشارة v(t), a(t)', error: '⚠️ أخطاء',"
"C:\Users\feras\Desktop\feras\apps\web\src\composables\inclined\useInclinedLayout.ts","100","      params: '⚙️ معاملات', guide: '📋 دليل',"
"C:\Users\feras\Desktop\feras\apps\web\src\composables\inclined\useInclinedTrials.ts","121","  const calcResult = ref('اضغط على زر لعرض الحساب')"
"C:\Users\feras\Desktop\feras\apps\web\src\composables\inclined\useInclinedTrials.ts","124","    calcResult.value = `<b>المعادلة:</b> a = g(sinθ − μ·cosθ) − Fd/m<br><b>التعويض:</b> a = ${params.g}×(sin(${params.thetaDeg}°) − ${params.mu}×cos(${params.thetaDeg}°))${params.airResistance ? ' − Fd/' + params.mass : ''}<br><b>النتيجة:</b> a = <b>${summary.acceleration} m/s²</b>`"
"C:\Users\feras\Desktop\feras\apps\web\src\composables\inclined\useInclinedTrials.ts","128","    calcResult.value = `<b>المعادلة:</b> t = √(2L/a)<br><b>التعويض:</b> t = √(2×${params.length} / ${summary.acceleration})<br><b>النتيجة:</b> t = <b>${summary.timeOfArrival} s</b>`"
"C:\Users\feras\Desktop\feras\apps\web\src\composables\inclined\useInclinedTrials.ts","132","    calcResult.value = `<b>المعادلة:</b> v = √(2aL)<br><b>التعويض:</b> v = √(2×${summary.acceleration}×${params.length})<br><b>النتيجة:</b> v = <b>${summary.finalVelocity} m/s</b>`"
"C:\Users\feras\Desktop\feras\apps\web\src\composables\inclined\useInclinedTrials.ts","136","    calcResult.value = `<b>المعادلة:</b> N = m·g·cos(θ)<br><b>التعويض:</b> N = ${params.mass}×${params.g}×cos(${params.thetaDeg}°)<br><b>النتيجة:</b> N = <b>${summary.normalForce} N</b>`"
"C:\Users\feras\Desktop\feras\apps\web\src\composables\lever\leverUtils.ts","3"," * عزم الكرة: τ = m · g · x"
"C:\Users\feras\Desktop\feras\apps\web\src\composables\lever\leverUtils.ts","4"," * عزم القوة: τ = F · x (دائماً لأسفل، مثل الوزن)"
"C:\Users\feras\Desktop\feras\apps\web\src\composables\lever\useLeverExperiment.ts","26","    if (lab.sim.balls.length === 0 && lab.sim.forces.length === 0) return 'أضف كراتاً أو قوى ثم اضغط ""بدء""'"
"C:\Users\feras\Desktop\feras\apps\web\src\composables\lever\useLeverExperiment.ts","27","    if (lab.sim.isBalanced) return '⚖️ متوازن! اضغط ""تسجيل""'"
"C:\Users\feras\Desktop\feras\apps\web\src\composables\lever\useLeverExperiment.ts","29","      ? `↻ العزم لليمين (${lab.sim.netTorque.toFixed(1)} N·m)`"
"C:\Users\feras\Desktop\feras\apps\web\src\composables\lever\useLeverExperiment.ts","30","      : `↺ العزم لليسار (${Math.abs(lab.sim.netTorque).toFixed(1)} N·m)`"
"C:\Users\feras\Desktop\feras\apps\web\src\composables\lever\useLeverExperiment.ts","103","      sourceNameAr: 'توازن العارضة',"
"C:\Users\feras\Desktop\feras\apps\web\src\composables\lever\useLeverExperiment.ts","106","        { key: 'trialNo', label: 'رقم المحاولة' },"
"C:\Users\feras\Desktop\feras\apps\web\src\composables\lever\useLeverExperiment.ts","107","        { key: 'massLeft', label: 'الكتلة اليسرى', unit: 'kg' },"
"C:\Users\feras\Desktop\feras\apps\web\src\composables\lever\useLeverExperiment.ts","108","        { key: 'massRight', label: 'الكتلة اليمنى', unit: 'kg' },"
"C:\Users\feras\Desktop\feras\apps\web\src\composables\lever\useLeverExperiment.ts","109","        { key: 'xLeft', label: 'ذراع اليسار', unit: 'm' },"
"C:\Users\feras\Desktop\feras\apps\web\src\composables\lever\useLeverExperiment.ts","110","        { key: 'xRight', label: 'ذراع اليمين', unit: 'm' },"
"C:\Users\feras\Desktop\feras\apps\web\src\composables\lever\useLeverExperiment.ts","111","        { key: 'invXLeft', label: '1/ذراع اليسار', unit: '1/m' },"
"C:\Users\feras\Desktop\feras\apps\web\src\composables\lever\useLeverExperiment.ts","112","        { key: 'invXRight', label: '1/ذراع اليمين', unit: '1/m' },"
"C:\Users\feras\Desktop\feras\apps\web\src\composables\lever\useLeverExperiment.ts","113","        { key: 'netTorque', label: 'العزم الصافي', unit: 'N·m' },"
"C:\Users\feras\Desktop\feras\apps\web\src\composables\lever\useLeverExperiment.ts","114","        { key: 'tiltDeg', label: 'زاوية الميلان', unit: '°' },"
"C:\Users\feras\Desktop\feras\apps\web\src\composables\lever\useLeverExperiment.ts","118","          name: 'قانون الروافع',"
"C:\Users\feras\Desktop\feras\apps\web\src\composables\lever\useLeverExperiment.ts","121","            { symbol: 'm', label: 'الكتلة' },"
"C:\Users\feras\Desktop\feras\apps\web\src\composables\lever\useLeverExperiment.ts","122","            { symbol: 'g', label: 'الجاذبية' },"
"C:\Users\feras\Desktop\feras\apps\web\src\composables\lever\useLeverExperiment.ts","123","            { symbol: 'x', label: 'المسافة من الارتكاز' },"
"C:\Users\feras\Desktop\feras\apps\web\src\composables\lever\useLeverExperiment.ts","129","        { xKey: 'invXLeft', yKey: 'massLeft', xLabel: '1/d_يسار (1/m)', yLabel: 'm_يسار (kg)', type: 'scatter' },"
"C:\Users\feras\Desktop\feras\apps\web\src\composables\lever\useLeverExperiment.ts","130","        { xKey: 'invXRight', yKey: 'massRight', xLabel: '1/d_يمين (1/m)', yLabel: 'm_يمين (kg)', type: 'scatter' },"
"C:\Users\feras\Desktop\feras\apps\web\src\composables\lever\useLeverLayout.ts","11","  balls: '🔴 الكرات',"
"C:\Users\feras\Desktop\feras\apps\web\src\composables\lever\useLeverLayout.ts","12","  table: '📋 جدول القراءات',"
"C:\Users\feras\Desktop\feras\apps\web\src\composables\lever\useLeverLayout.ts","13","  signal: '📈 توزيع العزوم',"
"C:\Users\feras\Desktop\feras\apps\web\src\composables\lever\useLeverLayout.ts","14","  stats: '📊 إحصائيات',"
"C:\Users\feras\Desktop\feras\apps\web\src\composables\lever\useLeverLayout.ts","15","  equation: '🧮 المعادلة',"
"C:\Users\feras\Desktop\feras\apps\web\src\composables\lever\useLeverLayout.ts","16","  report: '📝 التقرير',"
"C:\Users\feras\Desktop\feras\apps\web\src\composables\lever\useLeverTrials.ts","95","    if (!confirm('هل أنت متأكد من مسح جميع القراءات؟')) return"
"C:\Users\feras\Desktop\feras\apps\web\src\composables\lever\useLeverTrials.ts","103","    if (trials.value.length === 0) { alert('لا توجد قراءات'); return }"
"C:\Users\feras\Desktop\feras\apps\web\src\composables\lever\useLeverTrials.ts","122","        t.isBalanced ? 'نعم' : 'لا',"
"C:\Users\feras\Desktop\feras\apps\web\src\composables\lightray\useLightRayExperiment.ts","30","  const map: Record<number, string> = { 1.0: 'هواء', 1.33: 'ماء', 1.5: 'زجاج', 2.42: 'ألماس' }"
"C:\Users\feras\Desktop\feras\apps\web\src\composables\lightray\useLightRayExperiment.ts","31","  return map[n2] ?? `وسط (${n2.toFixed(2)})`"
"C:\Users\feras\Desktop\feras\apps\web\src\composables\lightray\useLightRayExperiment.ts","170","      sourceNameAr: 'شعاع الضوء',"
"C:\Users\feras\Desktop\feras\apps\web\src\composables\lightray\useLightRayExperiment.ts","173","        { key: 'theta_i', label: 'زاوية السقوط', unit: 'deg' },"
"C:\Users\feras\Desktop\feras\apps\web\src\composables\lightray\useLightRayExperiment.ts","174","        { key: 'theta_t', label: 'زاوية الانكسار', unit: 'deg' },"
"C:\Users\feras\Desktop\feras\apps\web\src\composables\lightray\useLightRayExperiment.ts","180","          name: 'قانون الانعكاس',"
"C:\Users\feras\Desktop\feras\apps\web\src\composables\lightray\useLightRayExperiment.ts","183","            { symbol: 'θᵢ', label: 'زاوية السقوط' },"
"C:\Users\feras\Desktop\feras\apps\web\src\composables\lightray\useLightRayExperiment.ts","184","            { symbol: 'θᵣ', label: 'زاوية الانعكاس' },"
"C:\Users\feras\Desktop\feras\apps\web\src\composables\lightray\useLightRayExperiment.ts","189","          name: 'قانون سنل',"
"C:\Users\feras\Desktop\feras\apps\web\src\composables\lightray\useLightRayExperiment.ts","192","            { symbol: 'n₁', label: 'معامل الانكسار 1' },"
"C:\Users\feras\Desktop\feras\apps\web\src\composables\lightray\useLightRayExperiment.ts","193","            { symbol: 'n₂', label: 'معامل الانكسار 2' },"
"C:\Users\feras\Desktop\feras\apps\web\src\composables\lightray\useLightRayExperiment.ts","194","            { symbol: 'θᵢ', label: 'زاوية السقوط' },"
"C:\Users\feras\Desktop\feras\apps\web\src\composables\lightray\useLightRayExperiment.ts","195","            { symbol: 'θₜ', label: 'زاوية الانكسار' },"
"C:\Users\feras\Desktop\feras\apps\web\src\composables\lightray\useLightRayLayout.ts","135","      readings: '📊 القراءات',"
"C:\Users\feras\Desktop\feras\apps\web\src\composables\lightray\useLightRayLayout.ts","136","      chart: '📈 الرسم البياني',"
"C:\Users\feras\Desktop\feras\apps\web\src\composables\lightray\useLightRayLayout.ts","137","      trials: '📋 التجارب المسجلة',"
"C:\Users\feras\Desktop\feras\apps\web\src\composables\lightray\useLightRayLayout.ts","138","      params: '⚙️ المعاملات',"
"C:\Users\feras\Desktop\feras\apps\web\src\composables\lightray\useLightRayLayout.ts","139","      laws: '📐 القوانين',"
"C:\Users\feras\Desktop\feras\apps\web\src\composables\lightray\useLightRayLayout.ts","140","      results: '📊 نتائج التحليل',"
"C:\Users\feras\Desktop\feras\apps\web\src\composables\mirror\useMirrorExperiment.ts","82","    const type = di > 0 ? 'حقيقي' : 'افتراضي'"
"C:\Users\feras\Desktop\feras\apps\web\src\composables\mirror\useMirrorExperiment.ts","83","    const orientation = m > 0 ? 'مثبت' : 'مقلوب'"
"C:\Users\feras\Desktop\feras\apps\web\src\composables\mirror\useMirrorExperiment.ts","84","    const size = Math.abs(m) > 1 ? 'مكبّر' : Math.abs(m) < 1 ? 'مصغّر' : 'بحجم الطبيعي'"
"C:\Users\feras\Desktop\feras\apps\web\src\composables\mirror\useMirrorExperiment.ts","193","      sourceNameAr: 'المرايا الكروية',"
"C:\Users\feras\Desktop\feras\apps\web\src\composables\mirror\useMirrorExperiment.ts","196","        { key: 'mirror_type', label: 'نوع المرآة' },"
"C:\Users\feras\Desktop\feras\apps\web\src\composables\mirror\useMirrorExperiment.ts","197","        { key: 'f', label: 'البعد البؤري', unit: 'cm' },"
"C:\Users\feras\Desktop\feras\apps\web\src\composables\mirror\useMirrorExperiment.ts","198","        { key: 'do', label: 'بعد الجسم', unit: 'cm' },"
"C:\Users\feras\Desktop\feras\apps\web\src\composables\mirror\useMirrorExperiment.ts","199","        { key: 'di', label: 'بعد الصورة', unit: 'cm' },"
"C:\Users\feras\Desktop\feras\apps\web\src\composables\mirror\useMirrorExperiment.ts","200","        { key: 'ho', label: 'ارتفاع الجسم', unit: 'cm' },"
"C:\Users\feras\Desktop\feras\apps\web\src\composables\mirror\useMirrorExperiment.ts","201","        { key: 'hi', label: 'ارتفاع الصورة', unit: 'cm' },"
"C:\Users\feras\Desktop\feras\apps\web\src\composables\mirror\useMirrorExperiment.ts","207","          name: 'معادلة المرآة',"
"C:\Users\feras\Desktop\feras\apps\web\src\composables\mirror\useMirrorExperiment.ts","210","            { symbol: 'f', label: 'البعد البؤري' },"
"C:\Users\feras\Desktop\feras\apps\web\src\composables\mirror\useMirrorExperiment.ts","211","            { symbol: 'do', label: 'بعد الجسم' },"
"C:\Users\feras\Desktop\feras\apps\web\src\composables\mirror\useMirrorExperiment.ts","212","            { symbol: 'di', label: 'بعد الصورة' },"
"C:\Users\feras\Desktop\feras\apps\web\src\composables\mirror\useMirrorExperiment.ts","217","          name: 'التكبير',"
"C:\Users\feras\Desktop\feras\apps\web\src\composables\mirror\useMirrorExperiment.ts","220","            { symbol: 'm', label: 'التكبير' },"
"C:\Users\feras\Desktop\feras\apps\web\src\composables\mirror\useMirrorExperiment.ts","221","            { symbol: 'di', label: 'بعد الصورة' },"
"C:\Users\feras\Desktop\feras\apps\web\src\composables\mirror\useMirrorExperiment.ts","222","            { symbol: 'do', label: 'بعد الجسم' },"
"C:\Users\feras\Desktop\feras\apps\web\src\composables\mirror\useMirrorExperiment.ts","223","            { symbol: 'hi', label: 'ارتفاع الصورة' },"
"C:\Users\feras\Desktop\feras\apps\web\src\composables\mirror\useMirrorExperiment.ts","224","            { symbol: 'ho', label: 'ارتفاع الجسم' },"
"C:\Users\feras\Desktop\feras\apps\web\src\composables\mirror\useMirrorLayout.ts","141","      readings: '📊 القراءات',"
"C:\Users\feras\Desktop\feras\apps\web\src\composables\mirror\useMirrorLayout.ts","142","      chart: '📈 الرسم البياني',"
"C:\Users\feras\Desktop\feras\apps\web\src\composables\mirror\useMirrorLayout.ts","143","      trials: '📋 التجارب المسجلة',"
"C:\Users\feras\Desktop\feras\apps\web\src\composables\mirror\useMirrorLayout.ts","144","      params: '⚙️ المعاملات',"
"C:\Users\feras\Desktop\feras\apps\web\src\composables\mirror\useMirrorLayout.ts","145","      laws: '📐 القوانين',"
"C:\Users\feras\Desktop\feras\apps\web\src\composables\mirror\useMirrorLayout.ts","146","      results: '📊 نتائج التحليل',"
"C:\Users\feras\Desktop\feras\apps\web\src\composables\mirror\useMirrorRenderer.ts","159","    const hintText = isConcave ? 'الجسم عند البؤرة: الأشعة لا تلتقي (di = ∞)' : 'لا توجد صورة حقيقية للمرآة المحدبة'"
"C:\Users\feras\Desktop\feras\apps\web\src\composables\pendulum\pendulumUtils.test.ts","4","describe('فحص معادلات وحسابات تجربة البندول البسيط', () => {"
"C:\Users\feras\Desktop\feras\apps\web\src\composables\pendulum\pendulumUtils.test.ts","5","  it('يجب أن يحسب الزمن الدوري ومربعه بشكل صحيح لطول خيط 25 سم وجاذبية 9.81', () => {"
"C:\Users\feras\Desktop\feras\apps\web\src\composables\pendulum\pendulumUtils.test.ts","12","  it('تأكيد الحماية: تغيير الكتلة يجب ألا يدخل في حسابات الصفوف', () => {"
"C:\Users\feras\Desktop\feras\apps\web\src\composables\pendulum\pendulumUtils.test.ts","17","  it('كوكب آخر: g=1.62 (القمر) يجب أن يعطي T أطول', () => {"
"C:\Users\feras\Desktop\feras\apps\web\src\composables\pendulum\usePendulumExperiment.ts","39","  const tutorMessage = computed(() => { if (!lab.running.value) return 'جاهز للبدء'; if (lab.paused.value) return 'متوقف مؤقتاً'; return 'المحاكاة تعمل...' })"
"C:\Users\feras\Desktop\feras\apps\web\src\composables\pendulum\usePendulumExperiment.ts","104","      sourceExperiment: 'pendulum', sourceNameAr: 'البندول البسيط', readings,"
"C:\Users\feras\Desktop\feras\apps\web\src\composables\pendulum\usePendulumExperiment.ts","106","        { key: 'length', label: 'طول الخيط', unit: 'm' },"
"C:\Users\feras\Desktop\feras\apps\web\src\composables\pendulum\usePendulumExperiment.ts","107","        { key: 'T', label: 'الدورة', unit: 's' },"
"C:\Users\feras\Desktop\feras\apps\web\src\composables\pendulum\usePendulumExperiment.ts","109","        { key: 'gCalc', label: 'g المحسوب', unit: 'm/s²' },"
"C:\Users\feras\Desktop\feras\apps\web\src\composables\pendulum\usePendulumExperiment.ts","112","        { name: 'قانون البندول', formula: 'T = 2π√(L/g)', variables: [{ symbol: 'L', label: 'طول الخيط' }, { symbol: 'T', label: 'الدورة' }, { symbol: 'g', label: 'تسارع الجاذبية' }], solveFor: ['g', 'T', 'L'] },"
"C:\Users\feras\Desktop\feras\apps\web\src\composables\pendulum\usePendulumExperiment.ts","113","        { name: 'g من الانحدار', formula: 'T² = (4π²/g) · L', variables: [{ symbol: 'L', label: 'طول الخيط' }, { symbol: 'T', label: 'الدورة' }, { symbol: 'g', label: 'تسارع الجاذبية' }], solveFor: ['g'] },"
"C:\Users\feras\Desktop\feras\apps\web\src\composables\pendulum\usePendulumLayout.ts","93","      table: '📋 قراءات', equations: '⚗️ حسابات', error: '⚖️ أخطاء',"
"C:\Users\feras\Desktop\feras\apps\web\src\composables\pendulum\usePendulumLayout.ts","94","      scatter: '📈 Scatter', tutor: '⚖️ تحليل مباشر', report: '📋 تقرير',"
"C:\Users\feras\Desktop\feras\apps\web\src\composables\pendulum\usePendulumLayout.ts","95","      signal: '📈 إشارة θ(t)', fft: '📊 FFT', phase: '🔄 فضاء الطور',"
"C:\Users\feras\Desktop\feras\apps\web\src\composables\pendulum\usePendulumLayout.ts","96","      params: '⚙️ معاملات', guide: '📋 دليل', stats: '📊 إحصائيات',"
"C:\Users\feras\Desktop\feras\apps\web\src\composables\pendulum\usePendulumLayout.ts","98","    return titles[pid] ?? '📊 إحصائيات'"
"C:\Users\feras\Desktop\feras\apps\web\src\composables\pendulum\usePendulumReport.ts","13","      caption: 'الجزء الديناميكي — الحركة الاهتزازية للبندول',"
"C:\Users\feras\Desktop\feras\apps\web\src\composables\pendulum\usePendulumReport.ts","20","    if (statsVal.g_mean > 0) stats.push({ label: 'g المتوسط', value: statsVal.g_mean.toFixed(2), unit: 'm/s²', highlight: true })"
"C:\Users\feras\Desktop\feras\apps\web\src\composables\pendulum\usePendulumReport.ts","21","    if (ex.params.g > 0) stats.push({ label: 'g النظري', value: ex.params.g.toFixed(2), unit: 'm/s²' })"
"C:\Users\feras\Desktop\feras\apps\web\src\composables\pendulum\usePendulumReport.ts","25","  <div><b>الزمن الدوري:</b> T = 2π√(L/g)</div>"
"C:\Users\feras\Desktop\feras\apps\web\src\composables\pendulum\usePendulumReport.ts","26","  <div><b>عجلة الجاذبية:</b> g = 4π²L/T²</div>"
"C:\Users\feras\Desktop\feras\apps\web\src\composables\pendulum\usePendulumReport.ts","27","  <div><b>التردد الزاوي:</b> ω = √(g/L) &nbsp; <b>f</b> = 1/T</div>"
"C:\Users\feras\Desktop\feras\apps\web\src\composables\pendulum\usePendulumReport.ts","34","  <div>• الميل (slope) = ${(4 * Math.PI * Math.PI / statsVal.g_mean).toFixed(5)} s²/m</div>"
"C:\Users\feras\Desktop\feras\apps\web\src\composables\pendulum\usePendulumReport.ts","35","  <div>• g من الانحدار = ${statsVal.g_mean.toFixed(2)} m/s²</div>"
"C:\Users\feras\Desktop\feras\apps\web\src\composables\pendulum\usePendulumReport.ts","40","      title: '📋 تقرير تجربة البندول البسيط', icon: '⏱️', experimentName: 'الحركة التوافقية البسيطة — البندول',"
"C:\Users\feras\Desktop\feras\apps\web\src\composables\pendulum\usePendulumReport.ts","42","      meta: { 'الفرع': 'الميكانيكا', 'التجربة': 'البندول البسيط', 'g النظري': ex.params.g.toFixed(2) + ' m/s²' },"
"C:\Users\feras\Desktop\feras\apps\web\src\composables\pendulum\usePendulumReport.ts","44","        { label: 'طول الخيط (L)', value: ex.params.length.toFixed(2), unit: 'm' },"
"C:\Users\feras\Desktop\feras\apps\web\src\composables\pendulum\usePendulumReport.ts","45","        { label: 'الزاوية الأولية (θ₀)', value: (ex.params.theta0 * 180 / Math.PI).toFixed(0), unit: '°' },"
"C:\Users\feras\Desktop\feras\apps\web\src\composables\pendulum\usePendulumReport.ts","46","        { label: 'عدد القراءات', value: trials.length },"
"C:\Users\feras\Desktop\feras\apps\web\src\composables\pendulum\usePendulumReport.ts","50","        { title: '⚖️ القوانين الفيزيائية', html: lawsBlock },"
"C:\Users\feras\Desktop\feras\apps\web\src\composables\pendulum\usePendulumReport.ts","51","        regressionBlock ? { title: '📈 نتائج الانحدار الخطي', html: regressionBlock } : null,"
"C:\Users\feras\Desktop\feras\apps\web\src\composables\pendulum\usePendulumReport.ts","52","        { title: '⚠️ مصادر الأخطاء المحتملة', html: '<ul style=""margin:0;padding-right:1.2rem;font-size:.85rem""><li>احتكاك الهواء مع الثقل</li><li>دقة ساعة الإيقاف البشرية</li><li>خطأ زاوية النظر (البارالكس)</li><li>حركة اليد عند الإطلاق</li><li>كتلة الخيط غير مهملة</li><li>زاوية كبيرة (>10°) تخرج عن التقريب</li></ul>' },"
"C:\Users\feras\Desktop\feras\apps\web\src\composables\pendulum\usePendulumReport.ts","55","      footerNote: 'تم إنشاء هذا التقرير من المحاكاة التفاعلية • فيزياء الميكانيكا',"
"C:\Users\feras\Desktop\feras\apps\web\src\composables\pendulum\usePendulumTrials.ts","49","    if (params.length < 0.05 || params.length > 3) { alert('طول الخيط يجب أن يكون بين 0.05 و 3 أمتار'); return }"
"C:\Users\feras\Desktop\feras\apps\web\src\composables\pendulum\usePendulumTrials.ts","88","  const calcResult = ref('اضغط على زر لعرض الحساب')"
"C:\Users\feras\Desktop\feras\apps\web\src\composables\pendulum\usePendulumTrials.ts","90","    if (!measured.value.T) { calcResult.value = 'يجب قياس الدورة أولاً'; return }"
"C:\Users\feras\Desktop\feras\apps\web\src\composables\pendulum\usePendulumTrials.ts","93","    calcResult.value = `<b>المعادلة:</b> g = 4π²L/T²<br><b>التعويض:</b> g = 4π² × ${params.length.toFixed(3)} / (${measured.value.T.toFixed(4)})²<br><b>النتيجة:</b> g = <b>${g.toFixed(2)} m/s²</b><br><b>الخطأ:</b> ${err.toFixed(2)}%`"
"C:\Users\feras\Desktop\feras\apps\web\src\composables\pendulum\usePendulumTrials.ts","97","    calcResult.value = `<b>المعادلة:</b> T = 2π√(L/g)<br><b>التعويض:</b> T = 2π√(${params.length.toFixed(3)} / ${params.g.toFixed(2)})<br><b>النتيجة:</b> T = <b>${T.toFixed(4)} s</b>`"
"C:\Users\feras\Desktop\feras\apps\web\src\composables\pendulum\usePendulumTrials.ts","100","    if (!measured.value.T) { calcResult.value = 'يجب قياس الدورة أولاً'; return }"
"C:\Users\feras\Desktop\feras\apps\web\src\composables\pendulum\usePendulumTrials.ts","102","    calcResult.value = `<b>المعادلة:</b> L = (T² × g) / (4π²)<br><b>التعويض:</b> L = (${measured.value.T.toFixed(4)}² × ${params.g.toFixed(2)}) / (4π²)<br><b>النتيجة:</b> L = <b>${L.toFixed(3)} m</b>`"
"C:\Users\feras\Desktop\feras\apps\web\src\composables\pendulum\usePendulumTrials.ts","105","    if (trials.value.length < 2) { calcResult.value = 'يجب قياستان على الأقل'; return }"
"C:\Users\feras\Desktop\feras\apps\web\src\composables\pendulum\usePendulumTrials.ts","109","    if (!fit || Math.abs(fit.slope) < 1e-12) { calcResult.value = 'بيانات غير كافية'; return }"
"C:\Users\feras\Desktop\feras\apps\web\src\composables\pendulum\usePendulumTrials.ts","113","    calcResult.value = `T² = ${fit.slope.toFixed(5)}·L ${fit.intercept >= 0 ? '+' : ''} ${fit.intercept.toFixed(5)}<br>R² = ${fit.r2.toFixed(4)} ${quality}<br>g = 4π² / slope = <b>${g.toFixed(2)} m/s²</b><br>الخطأ = <b>${err.toFixed(2)}%</b>`"
"C:\Users\feras\Desktop\feras\apps\web\src\composables\prism\usePrismCalculations.ts","11","  glass: { B: 1.504, C: 0.0042, nameAr: 'زجاج' },   // BK7-like, n(588nm) ≈ 1.516"
"C:\Users\feras\Desktop\feras\apps\web\src\composables\prism\usePrismCalculations.ts","12","  water: { B: 1.324, C: 0.0031, nameAr: 'ماء' },    // n(588nm) ≈ 1.333"
"C:\Users\feras\Desktop\feras\apps\web\src\composables\prism\usePrismCalculations.ts","13","  diamond: { B: 2.381, C: 0.0104, nameAr: 'ألماس' }, // n(588nm) ≈ 2.411"
"C:\Users\feras\Desktop\feras\apps\web\src\composables\prism\usePrismCalculations.ts","14","  flint: { B: 1.728, C: 0.0134, nameAr: 'فلينت' },   // dense flint, n(588nm) ≈ 1.767"
"C:\Users\feras\Desktop\feras\apps\web\src\composables\prism\usePrismLayout.ts","6","  readings: '📊 القراءات', chart: '📈 الرسم البياني', trials: '📋 التجارب المسجلة',"
"C:\Users\feras\Desktop\feras\apps\web\src\composables\prism\usePrismLayout.ts","7","  params: '⚙️ المعاملات', laws: '📐 القوانين', results: '📊 نتائج التحليل',"
"C:\Users\feras\Desktop\feras\apps\web\src\composables\prism\usePrismRenderer.ts","21","  { wavelength: 650, color: '#FF0000', label: 'الأحمر' },"
"C:\Users\feras\Desktop\feras\apps\web\src\composables\prism\usePrismRenderer.ts","22","  { wavelength: 600, color: '#FF7F00', label: 'البرتقالي' },"
"C:\Users\feras\Desktop\feras\apps\web\src\composables\prism\usePrismRenderer.ts","23","  { wavelength: 580, color: '#FFFF00', label: 'الأصفر' },"
"C:\Users\feras\Desktop\feras\apps\web\src\composables\prism\usePrismRenderer.ts","24","  { wavelength: 530, color: '#00FF00', label: 'الأخضر' },"
"C:\Users\feras\Desktop\feras\apps\web\src\composables\prism\usePrismRenderer.ts","25","  { wavelength: 470, color: '#0000FF', label: 'الأزرق' },"
"C:\Users\feras\Desktop\feras\apps\web\src\composables\prism\usePrismRenderer.ts","26","  { wavelength: 430, color: '#4B0082', label: 'النيلي' },"
"C:\Users\feras\Desktop\feras\apps\web\src\composables\prism\usePrismRenderer.ts","27","  { wavelength: 400, color: '#8B00FF', label: 'البنفسجي' }"
"C:\Users\feras\Desktop\feras\apps\web\src\composables\projectile\useProjectileDigitalScreen.ts","24","    ctx.fillText('📊 قياسات التجربة', boxX + 8, boxY + 4)"
"C:\Users\feras\Desktop\feras\apps\web\src\composables\projectile\useProjectileDigitalScreen.ts","26","    let status = '⏸️ جاهز', statusColor = '#94a3b8'"
"C:\Users\feras\Desktop\feras\apps\web\src\composables\projectile\useProjectileDigitalScreen.ts","27","    if (simState.targetHit) { status = '🎯 إصابة!'; statusColor = '#22c55e' }"
"C:\Users\feras\Desktop\feras\apps\web\src\composables\projectile\useProjectileDigitalScreen.ts","28","    else if (simState.running && !simState.landed) { status = '🚀 يطير'; statusColor = '#5B8DB8' }"
"C:\Users\feras\Desktop\feras\apps\web\src\composables\projectile\useProjectileDigitalScreen.ts","29","    else if (simState.landed) { status = '✅ هبط'; statusColor = '#22c55e' }"
"C:\Users\feras\Desktop\feras\apps\web\src\composables\projectile\useProjectileDigitalScreen.ts","48","    item('الزمن', landed ? `${simState.t.toFixed(2)} s` : '--', landed ? '#fbbf24' : '#475569', boxX + s * 0.5, r)"
"C:\Users\feras\Desktop\feras\apps\web\src\composables\projectile\useProjectileDigitalScreen.ts","49","    item('أقصى ارتفاع', landed ? `${simState.maxHeightReached.toFixed(2)} m` : '--', landed ? '#fbbf24' : '#475569', boxX + s * 1.5, r)"
"C:\Users\feras\Desktop\feras\apps\web\src\composables\projectile\useProjectileDigitalScreen.ts","50","    item('السرعة', landed ? `${vMag.toFixed(2)} m/s` : '--', landed ? '#fbbf24' : '#475569', boxX + s * 2.5, r)"
"C:\Users\feras\Desktop\feras\apps\web\src\composables\projectile\useProjectileDigitalScreen.ts","51","    item('المدى', landed ? `${simState.x.toFixed(2)} m` : '--', landed ? '#fbbf24' : '#475569', boxX + s * 3.5, r)"
"C:\Users\feras\Desktop\feras\apps\web\src\composables\projectile\useProjectileExperiment.ts","24","  const tutorMessage = computed(() => { if (!lab.sim.running) return 'جاهز للبدء'; if (lab.sim.paused) return 'متوقف مؤقتاً'; if (lab.sim.landed) return 'هبط! اضغط تسجيل'; return 'المقذوف في الجو...' })"
"C:\Users\feras\Desktop\feras\apps\web\src\composables\projectile\useProjectileExperiment.ts","92","      sourceExperiment: 'projectile', sourceNameAr: 'حركة المقذوفات', readings,"
"C:\Users\feras\Desktop\feras\apps\web\src\composables\projectile\useProjectileExperiment.ts","94","        { key: 'angleDegrees', label: 'الزاوية', unit: '°' },"
"C:\Users\feras\Desktop\feras\apps\web\src\composables\projectile\useProjectileExperiment.ts","98","        { key: 'flightTimeSec', label: 'زمن الرحلة', unit: 's' },"
"C:\Users\feras\Desktop\feras\apps\web\src\composables\projectile\useProjectileExperiment.ts","99","        { key: 'maxHeightMeters', label: 'الارتفاع الأقصى', unit: 'm' },"
"C:\Users\feras\Desktop\feras\apps\web\src\composables\projectile\useProjectileExperiment.ts","100","        { key: 'rangeMeters', label: 'المدى', unit: 'm' },"
"C:\Users\feras\Desktop\feras\apps\web\src\composables\projectile\useProjectileExperiment.ts","103","        { name: 'المدى الأقصى', formula: 'R = v₀²·sin(2θ)/g', variables: [{ symbol: 'v0', label: 'v₀' }, { symbol: 'θ', label: 'الزاوية' }, { symbol: 'g', label: 'g' }, { symbol: 'R', label: 'المدى' }], solveFor: ['R', 'v0', 'θ'] },"
"C:\Users\feras\Desktop\feras\apps\web\src\composables\projectile\useProjectileExperiment.ts","104","        { name: 'الارتفاع الأقصى', formula: 'H = v₀²·sin²(θ)/(2g)', variables: [{ symbol: 'v0', label: 'v₀' }, { symbol: 'θ', label: 'الزاوية' }, { symbol: 'g', label: 'g' }, { symbol: 'H', label: 'الارتفاع' }], solveFor: ['H'] },"
"C:\Users\feras\Desktop\feras\apps\web\src\composables\projectile\useProjectileHints.ts","13","      message = '✅ المدى قريب جداً من الهدف!'"
"C:\Users\feras\Desktop\feras\apps\web\src\composables\projectile\useProjectileHints.ts","14","      tip = 'أطلق وشاهد النتيجة.'"
"C:\Users\feras\Desktop\feras\apps\web\src\composables\projectile\useProjectileHints.ts","15","      strategy = 'جاهز للتجربة!'"
"C:\Users\feras\Desktop\feras\apps\web\src\composables\projectile\useProjectileHints.ts","18","      message = '⚠️ المقذوف سيصل أبعد من الهدف.'"
"C:\Users\feras\Desktop\feras\apps\web\src\composables\projectile\useProjectileHints.ts","20","        tip = '💡 الزاوية > 45°: قلّل الزاوية قليلاً (تقليل sin(2θ) يقلل المدى).'"
"C:\Users\feras\Desktop\feras\apps\web\src\composables\projectile\useProjectileHints.ts","21","        strategy = 'أقرب زاوية إلى 45° = أقصى مدى.'"
"C:\Users\feras\Desktop\feras\apps\web\src\composables\projectile\useProjectileHints.ts","23","        tip = '💡 الزاوية < 45°: يمكنك قلّل v₀ أو زيادة الزاوية قليلاً نحو 45°.'"
"C:\Users\feras\Desktop\feras\apps\web\src\composables\projectile\useProjectileHints.ts","24","        strategy = 'جرب تقليل السرعة أولاً.'"
"C:\Users\feras\Desktop\feras\apps\web\src\composables\projectile\useProjectileHints.ts","26","        tip = '💡 الزاوية = 45° (أقصى مدى): قلّل السرعة فقط.'"
"C:\Users\feras\Desktop\feras\apps\web\src\composables\projectile\useProjectileHints.ts","27","        strategy = 'v₀ مباشرةً تتحكم بالمدى عند 45°.'"
"C:\Users\feras\Desktop\feras\apps\web\src\composables\projectile\useProjectileHints.ts","31","      message = '⚠️ المقذوف لن يصل للهدف.'"
"C:\Users\feras\Desktop\feras\apps\web\src\composables\projectile\useProjectileHints.ts","33","        tip = '💡 الزاوية < 45°: زد الزاوية نحو 45° (يزيد sin(2θ) وبالتالي المدى).'"
"C:\Users\feras\Desktop\feras\apps\web\src\composables\projectile\useProjectileHints.ts","34","        strategy = 'كلما اقتربت من 45° → مدى أكبر.'"
"C:\Users\feras\Desktop\feras\apps\web\src\composables\projectile\useProjectileHints.ts","36","        tip = '💡 الزاوية > 45°: قلّل الزاوية نحو 45° أو زِد السرعة.'"
"C:\Users\feras\Desktop\feras\apps\web\src\composables\projectile\useProjectileHints.ts","37","        strategy = '45° تعطي أقصى مدى لمسرعة معينة.'"
"C:\Users\feras\Desktop\feras\apps\web\src\composables\projectile\useProjectileHints.ts","39","        tip = '💡 الزاوية = 45° (أقصى مدى): يجب زيادة السرعة فقط.'"
"C:\Users\feras\Desktop\feras\apps\web\src\composables\projectile\useProjectileHints.ts","40","        strategy = 'عند 45°: المدى ∝ v₀² → زيادة بسيطة في v₀ تكفي.'"
"C:\Users\feras\Desktop\feras\apps\web\src\composables\projectile\useProjectileHints.ts","58","    if (Math.abs(diff) < 2) return '✅ ممتاز! تحقق الآن بالإطلاق.'"
"C:\Users\feras\Desktop\feras\apps\web\src\composables\projectile\useProjectileHints.ts","60","      if (studentAngle > 45) return `⚠️ سيصل أبعد. قلّل الزاوية نحو 45°.`"
"C:\Users\feras\Desktop\feras\apps\web\src\composables\projectile\useProjectileHints.ts","61","      return `⚠️ سيصل أبعد. قلّل السرعة.`"
"C:\Users\feras\Desktop\feras\apps\web\src\composables\projectile\useProjectileHints.ts","63","    if (studentAngle < 45) return `⚠️ أقصر. زِد الزاوية نحو 45° أو زِد السرعة.`"
"C:\Users\feras\Desktop\feras\apps\web\src\composables\projectile\useProjectileHints.ts","64","    return `⚠️ أقصر. زِد السرعة.`"
"C:\Users\feras\Desktop\feras\apps\web\src\composables\projectile\useProjectileLayout.ts","93","      table: '📋 قراءات', equations: '⚗️ حسابات', scatter: '📈 Scatter',"
"C:\Users\feras\Desktop\feras\apps\web\src\composables\projectile\useProjectileLayout.ts","94","      tutor: '⚖️ تحليل مباشر', report: '📋 تقرير',"
"C:\Users\feras\Desktop\feras\apps\web\src\composables\projectile\useProjectileLayout.ts","95","      signal: '📈 مسار y(x)', vxSignal: '📈 vₓ(t)', vySignal: '📈 vᵧ(t)',"
"C:\Users\feras\Desktop\feras\apps\web\src\composables\projectile\useProjectileLayout.ts","96","      params: '⚙️ معاملات', guide: '📋 دليل', stats: '📊 إحصائيات',"
"C:\Users\feras\Desktop\feras\apps\web\src\composables\projectile\useProjectileLayout.ts","98","    return titles[pid] ?? '📊 إحصائيات'"
"C:\Users\feras\Desktop\feras\apps\web\src\composables\projectile\useProjectileReport.ts","15","      caption: 'جدول القراءات — حركة المقذوفات',"
"C:\Users\feras\Desktop\feras\apps\web\src\composables\projectile\useProjectileReport.ts","16","      headers: ['#', 'الزاوية (°)', 'v₀ (m/s)', 'زمن التحليق (s)', 'أقصى ارتفاع (m)', 'المدى (m)', 'الخطأ (%)'],"
"C:\Users\feras\Desktop\feras\apps\web\src\composables\projectile\useProjectileReport.ts","30","      stats.push({ label: 'متوسط المدى', value: trialStats.range_mean.toFixed(2), unit: 'm', highlight: true })"
"C:\Users\feras\Desktop\feras\apps\web\src\composables\projectile\useProjectileReport.ts","31","      stats.push({ label: 'الانحراف المعياري (المدى)', value: trialStats.range_std.toFixed(2), unit: 'm' })"
"C:\Users\feras\Desktop\feras\apps\web\src\composables\projectile\useProjectileReport.ts","32","      stats.push({ label: 'متوسط زمن التحليق', value: trialStats.flightTime_mean.toFixed(2), unit: 's' })"
"C:\Users\feras\Desktop\feras\apps\web\src\composables\projectile\useProjectileReport.ts","33","      stats.push({ label: 'الانحراف المعياري (الزمن)', value: trialStats.flightTime_std.toFixed(2), unit: 's' })"
"C:\Users\feras\Desktop\feras\apps\web\src\composables\projectile\useProjectileReport.ts","40","  <div><b>معادلة المدى:</b> R = ${fitResult.slope.toFixed(4)} · sin(2θ) ${fitResult.intercept >= 0 ? '+' : ''} ${fitResult.intercept.toFixed(4)}</div>"
"C:\Users\feras\Desktop\feras\apps\web\src\composables\projectile\useProjectileReport.ts","41","  <div>منحنى الانحدار الخطي لـ R مقابل sin(2θ)</div>"
"C:\Users\feras\Desktop\feras\apps\web\src\composables\projectile\useProjectileReport.ts","47","  <div><b>زمن الوصول لأقصى ارتفاع:</b> z = v₀ sin θ / g</div>"
"C:\Users\feras\Desktop\feras\apps\web\src\composables\projectile\useProjectileReport.ts","48","  <div><b>أقصى ارتفاع:</b> H = (v₀ sin θ)² / 2g</div>"
"C:\Users\feras\Desktop\feras\apps\web\src\composables\projectile\useProjectileReport.ts","49","  <div><b>المدى:</b> R = v₀² sin(2θ) / g</div>"
"C:\Users\feras\Desktop\feras\apps\web\src\composables\projectile\useProjectileReport.ts","53","      title: '📋 تقرير تجربة المقذوفات',"
"C:\Users\feras\Desktop\feras\apps\web\src\composables\projectile\useProjectileReport.ts","55","      experimentName: 'حركة المقذوفات — الميكانيكا',"
"C:\Users\feras\Desktop\feras\apps\web\src\composables\projectile\useProjectileReport.ts","58","      meta: { 'الفرع': 'الميكانيكا', 'التجربة': 'حركة المقذوفات', 'g النظري': ex.params.g.toFixed(2) + ' m/s²' },"
"C:\Users\feras\Desktop\feras\apps\web\src\composables\projectile\useProjectileReport.ts","61","        { label: 'الزاوية', value: ex.params.angleDeg.toFixed(1), unit: '°' },"
"C:\Users\feras\Desktop\feras\apps\web\src\composables\projectile\useProjectileReport.ts","63","        { label: 'مقاومة الهواء', value: ex.params.dragCoeff },"
"C:\Users\feras\Desktop\feras\apps\web\src\composables\projectile\useProjectileReport.ts","64","        { label: 'عدد القراءات', value: trials.length },"
"C:\Users\feras\Desktop\feras\apps\web\src\composables\projectile\useProjectileReport.ts","69","        { title: '⚖️ المعادلات المستخدمة', html: lawsBlock },"
"C:\Users\feras\Desktop\feras\apps\web\src\composables\projectile\useProjectileReport.ts","70","        fitBlock ? { title: '📈 ملائمة منحنى المدى', html: fitBlock } : null,"
"C:\Users\feras\Desktop\feras\apps\web\src\composables\projectile\useProjectileReport.ts","71","        { title: '⚠️ مصادر الأخطاء المحتملة', html: '<ul style=""margin:0;padding-right:1.2rem;font-size:.85rem""><li>احتكاك الهواء</li><li>دقة ساعة الإيقاف</li><li>خطأ زاوية النظر (parallax)</li><li>تأثير دوران الأرض</li><li>اختلاف g مع الارتفاع</li></ul>' },"
"C:\Users\feras\Desktop\feras\apps\web\src\composables\projectile\useProjectileReport.ts","74","      footerNote: 'تم إنشاء هذا التقرير من المحاكاة التفاعلية • فيزياء الميكانيكا',"
"C:\Users\feras\Desktop\feras\apps\web\src\composables\projectile\useProjectileTrials.ts","142","  const calcResult = ref('اضغط على زر لعرض الحساب')"
"C:\Users\feras\Desktop\feras\apps\web\src\composables\projectile\useProjectileTrials.ts","148","    calcResult.value = `<b>المعادلة:</b> t = 2v₀sin(θ) / g<br><b>التعويض:</b> t = 2×${params.v0}×sin(${params.angleDeg}°) / ${params.g}<br><b>النتيجة:</b> t = <b>${t.toFixed(3)} s</b>`"
"C:\Users\feras\Desktop\feras\apps\web\src\composables\projectile\useProjectileTrials.ts","154","    calcResult.value = `<b>المعادلة:</b> H = (v₀sinθ)² / 2g<br><b>التعويض:</b> H = (${params.v0}×sin(${params.angleDeg}°))² / (2×${params.g})<br><b>النتيجة:</b> H = <b>${h.toFixed(3)} m</b>`"
"C:\Users\feras\Desktop\feras\apps\web\src\composables\projectile\useProjectileTrials.ts","160","    calcResult.value = `<b>المعادلة:</b> R = v₀²sin(2θ) / g<br><b>التعويض:</b> R = ${params.v0}²×sin(${2 * params.angleDeg}°) / ${params.g}<br><b>النتيجة:</b> R = <b>${r.toFixed(3)} m</b>`"
"C:\Users\feras\Desktop\feras\apps\web\src\composables\projectile\useProjectileTrials.ts","164","    if (trials.value.length < 2) { calcResult.value = 'يجب قياستان على الأقل'; return }"
"C:\Users\feras\Desktop\feras\apps\web\src\composables\projectile\useProjectileTrials.ts","168","    if (!fit || Math.abs(fit.slope) < 1e-12) { calcResult.value = 'بيانات غير كافية'; fitResult.value = null; return }"
"C:\Users\feras\Desktop\feras\apps\web\src\composables\spring\drawSpringDigital.ts","50","  ctx.fillText('📟 القراءات الإلكترونية', padX + 8, padY + 15)"
"C:\Users\feras\Desktop\feras\apps\web\src\composables\spring\physicsUtils.test.ts","4","describe('فحص منطق حسابات النابض الاستاتيكية', () => {"
"C:\Users\feras\Desktop\feras\apps\web\src\composables\spring\physicsUtils.test.ts","6","  it('يجب أن يحسب القوة والاستطالة بشكل صحيح لكتلة 10 جرام وثابت 5', () => {"
"C:\Users\feras\Desktop\feras\apps\web\src\composables\spring\physicsUtils.test.ts","7","    const result = calculateStaticRow(1, 10, 5) // كتلة 10 جرام، ثابت 5"
"C:\Users\feras\Desktop\feras\apps\web\src\composables\spring\physicsUtils.test.ts","12","  it('منع كوارث الجدول: فحص سيناريو كتلة 1 كيلو وثابت 50', () => {"
"C:\Users\feras\Desktop\feras\apps\web\src\composables\spring\physicsUtils.test.ts","13","    const result = calculateStaticRow(2, 1000, 50) // كتلة 1000 جرام (1 كيلو)، ثابت 50"
"C:\Users\feras\Desktop\feras\apps\web\src\composables\spring\useSpringExperimentActions.ts","97","      sourceNameAr: 'تجربة النابض',"
"C:\Users\feras\Desktop\feras\apps\web\src\composables\spring\useSpringExperimentActions.ts","100","        { key: 'mass', label: 'الكتلة', unit: 'kg' },"
"C:\Users\feras\Desktop\feras\apps\web\src\composables\spring\useSpringExperimentActions.ts","101","        { key: 'T', label: 'الدورة', unit: 's' },"
"C:\Users\feras\Desktop\feras\apps\web\src\composables\spring\useSpringExperimentActions.ts","103","        { key: 'kCalc', label: 'k المحسوب', unit: 'N/m' },"
"C:\Users\feras\Desktop\feras\apps\web\src\composables\spring\useSpringExperimentActions.ts","107","          name: 'قانون النابض',"
"C:\Users\feras\Desktop\feras\apps\web\src\composables\spring\useSpringExperimentActions.ts","110","            { symbol: 'm', label: 'الكتلة' },"
"C:\Users\feras\Desktop\feras\apps\web\src\composables\spring\useSpringExperimentActions.ts","111","            { symbol: 'T', label: 'الدورة' },"
"C:\Users\feras\Desktop\feras\apps\web\src\composables\spring\useSpringExperimentActions.ts","112","            { symbol: 'k', label: 'ثابت النابض' },"
"C:\Users\feras\Desktop\feras\apps\web\src\composables\spring\useSpringExperimentActions.ts","117","          name: 'ثابت النابض من الانحدار',"
"C:\Users\feras\Desktop\feras\apps\web\src\composables\spring\useSpringExperimentActions.ts","120","            { symbol: 'm', label: 'الكتلة' },"
"C:\Users\feras\Desktop\feras\apps\web\src\composables\spring\useSpringExperimentActions.ts","121","            { symbol: 'T', label: 'الدورة' },"
"C:\Users\feras\Desktop\feras\apps\web\src\composables\spring\useSpringExperimentActions.ts","122","            { symbol: 'k', label: 'ثابت النابض' },"
"C:\Users\feras\Desktop\feras\apps\web\src\composables\spring\useSpringExperimentState.ts","44","    if (!lab.sim.running) return 'جاهز للبدء'"
"C:\Users\feras\Desktop\feras\apps\web\src\composables\spring\useSpringExperimentState.ts","45","    if (lab.sim.paused) return 'متوقف مؤقتاً'"
"C:\Users\feras\Desktop\feras\apps\web\src\composables\spring\useSpringExperimentState.ts","46","    return 'المحاكاة تعمل...'"
"C:\Users\feras\Desktop\feras\apps\web\src\composables\spring\useSpringLayout.ts","140","      table: '📋 قراءات',"
"C:\Users\feras\Desktop\feras\apps\web\src\composables\spring\useSpringLayout.ts","141","      signal: '📈 إشارة x(t)',"
"C:\Users\feras\Desktop\feras\apps\web\src\composables\spring\useSpringLayout.ts","142","      params: '⚙️ معاملات',"
"C:\Users\feras\Desktop\feras\apps\web\src\composables\spring\useSpringLayout.ts","143","      guide: '📋 دليل',"
"C:\Users\feras\Desktop\feras\apps\web\src\composables\spring\useSpringReport.ts","15","      caption: 'الجزء الاستاتيكي — قانون هوك',"
"C:\Users\feras\Desktop\feras\apps\web\src\composables\spring\useSpringReport.ts","26","      caption: 'الجزء الديناميكي — الحركة الاهتزازية',"
"C:\Users\feras\Desktop\feras\apps\web\src\composables\spring\useSpringReport.ts","48","    if (kAvg) stats.push({ label: 'k المتوسط', value: kAvg.toFixed(2), unit: 'N/m', highlight: true })"
"C:\Users\feras\Desktop\feras\apps\web\src\composables\spring\useSpringReport.ts","49","    if (ex.staticK.value) stats.push({ label: 'k استاتيكي', value: ex.staticK.value.toFixed(2), unit: 'N/m' })"
"C:\Users\feras\Desktop\feras\apps\web\src\composables\spring\useSpringReport.ts","50","    if (ex.kDynamic.value) stats.push({ label: 'k ديناميكي', value: ex.kDynamic.value.toFixed(2), unit: 'N/m' })"
"C:\Users\feras\Desktop\feras\apps\web\src\composables\spring\useSpringReport.ts","51","    if (errorPercent !== null) stats.push({ label: 'نسبة الخطأ', value: errorPercent.toFixed(2), unit: '%' })"
"C:\Users\feras\Desktop\feras\apps\web\src\composables\spring\useSpringReport.ts","60","  <div><b>قانون هوك:</b> k = F/Δy</div>"
"C:\Users\feras\Desktop\feras\apps\web\src\composables\spring\useSpringReport.ts","70","  <div>• الميل (slope) = ${statsVal.k_mean.toFixed(2)} N/m</div>"
"C:\Users\feras\Desktop\feras\apps\web\src\composables\spring\useSpringReport.ts","71","  <div>• معامل التحديد R² = ${(statsVal.T_std < 0.01 ? '0.999+' : (1 - statsVal.T_std).toFixed(3))}</div>"
"C:\Users\feras\Desktop\feras\apps\web\src\composables\spring\useSpringReport.ts","72","  <div>• المعادلة: y = ${statsVal.k_mean.toFixed(2)} · x + b</div>"
"C:\Users\feras\Desktop\feras\apps\web\src\composables\spring\useSpringReport.ts","77","      title: '📋 تقرير تجربة النابض',"
"C:\Users\feras\Desktop\feras\apps\web\src\composables\spring\useSpringReport.ts","79","      experimentName: 'الحركة التوافقية البسيطة',"
"C:\Users\feras\Desktop\feras\apps\web\src\composables\spring\useSpringReport.ts","83","        'الفرع': 'الميكانيكا',"
"C:\Users\feras\Desktop\feras\apps\web\src\composables\spring\useSpringReport.ts","84","        'التجربة': 'ثابت النابض',"
"C:\Users\feras\Desktop\feras\apps\web\src\composables\spring\useSpringReport.ts","85","        'k النظري': ex.params.k.toFixed(2) + ' N/m',"
"C:\Users\feras\Desktop\feras\apps\web\src\composables\spring\useSpringReport.ts","88","        { label: 'الكتلة (m)', value: ex.params.mass.toFixed(2), unit: 'kg' },"
"C:\Users\feras\Desktop\feras\apps\web\src\composables\spring\useSpringReport.ts","89","        { label: 'ثابت النابض النظري (k)', value: ex.params.k.toFixed(2), unit: 'N/m' },"
"C:\Users\feras\Desktop\feras\apps\web\src\composables\spring\useSpringReport.ts","90","        { label: 'السعة (A)', value: ex.params.amplitude.toFixed(3), unit: 'm' },"
"C:\Users\feras\Desktop\feras\apps\web\src\composables\spring\useSpringReport.ts","91","        { label: 'عدد الدورات المقاسة', value: ex.params.measureCycles },"
"C:\Users\feras\Desktop\feras\apps\web\src\composables\spring\useSpringReport.ts","92","        { label: 'عدد القراءات الاستاتيكية', value: staticReadings.length },"
"C:\Users\feras\Desktop\feras\apps\web\src\composables\spring\useSpringReport.ts","93","        { label: 'عدد القراءات الديناميكية', value: dynamicTrials.length },"
"C:\Users\feras\Desktop\feras\apps\web\src\composables\spring\useSpringReport.ts","98","        { title: '⚖️ القوانين الفيزيائية', html: lawsBlock },"
"C:\Users\feras\Desktop\feras\apps\web\src\composables\spring\useSpringReport.ts","99","        calculationsBlock ? { title: '📐 الحسابات والمعادلات', html: calculationsBlock } : null,"
"C:\Users\feras\Desktop\feras\apps\web\src\composables\spring\useSpringReport.ts","100","        regressionBlock ? { title: '📈 نتائج الانحدار الخطي', html: regressionBlock } : null,"
"C:\Users\feras\Desktop\feras\apps\web\src\composables\spring\useSpringReport.ts","101","        { title: '⚠️ مصادر الأخطاء المحتملة', html: '<ul style=""margin:0;padding-right:1.2rem;font-size:.85rem""><li>احتكاك الهواء</li><li>دقة ساعة الإيقاف</li><li>خطأ زاوية النظر (parallax)</li><li>تشوه النابض غير الخطي</li><li>اهتزازات الطاولة</li><li>عدم مركزية الكتلة</li></ul>' },"
"C:\Users\feras\Desktop\feras\apps\web\src\composables\spring\useSpringReport.ts","104","      footerNote: 'تم إنشاء هذا التقرير من المحاكاة التفاعلية • فيزياء الميكانيكا',"
"C:\Users\feras\Desktop\feras\apps\web\src\composables\spring\useSpringTrials.ts","79","      alert('الكتلة يجب أن تكون بين 0.01 و 20 كجم')"
"C:\Users\feras\Desktop\feras\apps\web\src\composables\spring\useSpringTrials.ts","151","  const calcResult = ref('اضغط على زر لعرض الحساب')"
"C:\Users\feras\Desktop\feras\apps\web\src\composables\spring\useSpringTrials.ts","154","    if (!measured.value.T) { calcResult.value = 'يجب قياس الدورة أولاً'; return }"
"C:\Users\feras\Desktop\feras\apps\web\src\composables\spring\useSpringTrials.ts","157","    calcResult.value = `<b>المعادلة:</b> k = 4π² × m / T²<br><b>التعويض:</b> k = 4π² × ${params.mass.toFixed(3)} / (${measured.value.T.toFixed(4)})²<br><b>النتيجة:</b> k = <b>${k.toFixed(2)} N/m</b><br><b>الخطأ:</b> ${err.toFixed(2)}%`"
"C:\Users\feras\Desktop\feras\apps\web\src\composables\spring\useSpringTrials.ts","162","    calcResult.value = `<b>المعادلة:</b> T = 2π √(m/k)<br><b>التعويض:</b> T = 2π √(${params.mass.toFixed(3)} / ${params.k.toFixed(1)})<br><b>النتيجة:</b> T = <b>${T.toFixed(4)} s</b>`"
"C:\Users\feras\Desktop\feras\apps\web\src\composables\spring\useSpringTrials.ts","166","    if (!measured.value.T) { calcResult.value = 'يجب قياس الدورة أولاً'; return }"
"C:\Users\feras\Desktop\feras\apps\web\src\composables\spring\useSpringTrials.ts","168","    calcResult.value = `<b>المعادلة:</b> m = (T² × k) / (4π²)<br><b>التعويض:</b> m = (${measured.value.T.toFixed(4)}² × ${params.k.toFixed(1)}) / (4π²)<br><b>النتيجة:</b> m = <b>${mass.toFixed(3)} kg</b>`"
"C:\Users\feras\Desktop\feras\apps\web\src\composables\spring\useSpringTrials.ts","172","    if (trials.value.length < 2) { calcResult.value = 'يجب قياستان على الأقل'; return }"
"C:\Users\feras\Desktop\feras\apps\web\src\composables\spring\useSpringTrials.ts","176","    if (!fit || Math.abs(fit.slope) < 1e-12) { calcResult.value = 'بيانات غير كافية'; return }"
"C:\Users\feras\Desktop\feras\apps\web\src\composables\spring\useSpringTrials.ts","180","    calcResult.value = `T² = ${fit.slope.toFixed(5)}·m ${fit.intercept >= 0 ? '+' : ''} ${fit.intercept.toFixed(5)}<br>R² = ${fit.r2.toFixed(4)} ${quality}<br>k = 4π² / slope = <b>${k.toFixed(2)} N/m</b><br>الخطأ = <b>${err.toFixed(2)}%</b>`"
"C:\Users\feras\Desktop\feras\apps\web\src\composables\teacher\useClassManager.ts","47","    if (!confirm('هل أنت متأكد من حذف هذا الفصل؟')) return"
"C:\Users\feras\Desktop\feras\apps\web\src\composables\thinlens\useThinLensExperiment.ts","84","    const type = di > 0 ? 'حقيقي' : 'افتراضي'"
"C:\Users\feras\Desktop\feras\apps\web\src\composables\thinlens\useThinLensExperiment.ts","85","    const orientation = m > 0 ? 'مثبت' : 'مقلوب'"
"C:\Users\feras\Desktop\feras\apps\web\src\composables\thinlens\useThinLensExperiment.ts","86","    const size = Math.abs(m) > 1 ? 'مكبّر' : Math.abs(m) < 1 ? 'مصغّر' : 'بحجم الطبيعي'"
"C:\Users\feras\Desktop\feras\apps\web\src\composables\thinlens\useThinLensExperiment.ts","194","      sourceNameAr: 'العدسة الرقيقة',"
"C:\Users\feras\Desktop\feras\apps\web\src\composables\thinlens\useThinLensExperiment.ts","197","        { key: 'lens_type', label: 'نوع العدسة' },"
"C:\Users\feras\Desktop\feras\apps\web\src\composables\thinlens\useThinLensExperiment.ts","198","        { key: 'f', label: 'البعد البؤري', unit: 'cm' },"
"C:\Users\feras\Desktop\feras\apps\web\src\composables\thinlens\useThinLensExperiment.ts","199","        { key: 'do', label: 'بعد الجسم', unit: 'cm' },"
"C:\Users\feras\Desktop\feras\apps\web\src\composables\thinlens\useThinLensExperiment.ts","200","        { key: 'di', label: 'بعد الصورة', unit: 'cm' },"
"C:\Users\feras\Desktop\feras\apps\web\src\composables\thinlens\useThinLensExperiment.ts","201","        { key: 'ho', label: 'ارتفاع الجسم', unit: 'cm' },"
"C:\Users\feras\Desktop\feras\apps\web\src\composables\thinlens\useThinLensExperiment.ts","202","        { key: 'hi', label: 'ارتفاع الصورة', unit: 'cm' },"
"C:\Users\feras\Desktop\feras\apps\web\src\composables\thinlens\useThinLensExperiment.ts","208","          name: 'معادلة العدسة',"
"C:\Users\feras\Desktop\feras\apps\web\src\composables\thinlens\useThinLensExperiment.ts","211","            { symbol: 'f', label: 'البعد البؤري' },"
"C:\Users\feras\Desktop\feras\apps\web\src\composables\thinlens\useThinLensExperiment.ts","212","            { symbol: 'do', label: 'بعد الجسم' },"
"C:\Users\feras\Desktop\feras\apps\web\src\composables\thinlens\useThinLensExperiment.ts","213","            { symbol: 'di', label: 'بعد الصورة' },"
"C:\Users\feras\Desktop\feras\apps\web\src\composables\thinlens\useThinLensExperiment.ts","218","          name: 'التكبير',"
"C:\Users\feras\Desktop\feras\apps\web\src\composables\thinlens\useThinLensExperiment.ts","221","            { symbol: 'm', label: 'التكبير' },"
"C:\Users\feras\Desktop\feras\apps\web\src\composables\thinlens\useThinLensExperiment.ts","222","            { symbol: 'di', label: 'بعد الصورة' },"
"C:\Users\feras\Desktop\feras\apps\web\src\composables\thinlens\useThinLensExperiment.ts","223","            { symbol: 'do', label: 'بعد الجسم' },"
"C:\Users\feras\Desktop\feras\apps\web\src\composables\thinlens\useThinLensExperiment.ts","224","            { symbol: 'hi', label: 'ارتفاع الصورة' },"
"C:\Users\feras\Desktop\feras\apps\web\src\composables\thinlens\useThinLensExperiment.ts","225","            { symbol: 'ho', label: 'ارتفاع الجسم' },"
"C:\Users\feras\Desktop\feras\apps\web\src\composables\thinlens\useThinLensLayout.ts","141","      readings: '📊 القراءات',"
"C:\Users\feras\Desktop\feras\apps\web\src\composables\thinlens\useThinLensLayout.ts","142","      chart: '📈 الرسم البياني',"
"C:\Users\feras\Desktop\feras\apps\web\src\composables\thinlens\useThinLensLayout.ts","143","      trials: '📋 التجارب المسجلة',"
"C:\Users\feras\Desktop\feras\apps\web\src\composables\thinlens\useThinLensLayout.ts","144","      params: '⚙️ المعاملات',"
"C:\Users\feras\Desktop\feras\apps\web\src\composables\thinlens\useThinLensLayout.ts","145","      laws: '📐 القوانين',"
"C:\Users\feras\Desktop\feras\apps\web\src\composables\thinlens\useThinLensLayout.ts","146","      results: '📊 نتائج التحليل',"
"C:\Users\feras\Desktop\feras\apps\web\src\composables\fuzz-physics-engines.test.ts","15","   Fuzz Testing: القيم الحدية والتطرفية"
"C:\Users\feras\Desktop\feras\apps\web\src\composables\property-physics.test.ts","12","   Property-Based Testing: قوانين فيزيائية ثابتة"
"C:\Users\feras\Desktop\feras\apps\web\src\composables\useAdmin.ts","87","      errorMsg.value = (err instanceof Error ? err.message : '') || 'فشل تحميل البيانات';"
"C:\Users\feras\Desktop\feras\apps\web\src\composables\useAdmin.ts","94","    if (!confirm('هل تريد حذف هذا المستخدم؟ لا يمكن التراجع.')) return;"
"C:\Users\feras\Desktop\feras\apps\web\src\composables\useAdmin.ts","110","    if (!confirm('هل تريد حذف هذا الفصل؟ سيُحذف كل الطلاب والتقارير المرتبطة.')) return;"
"C:\Users\feras\Desktop\feras\apps\web\src\composables\useExperimentReport.test.ts","39","    expect(block!.title).toBe('📋 معلومات الطالب');"
"C:\Users\feras\Desktop\feras\apps\web\src\composables\useExperimentReport.ts","26","        if (d.name) studentInfo['الاسم'] = d.name"
"C:\Users\feras\Desktop\feras\apps\web\src\composables\useExperimentReport.ts","27","        if (d.email) studentInfo['البريد'] = d.email"
"C:\Users\feras\Desktop\feras\apps\web\src\composables\useExperimentReport.ts","28","        if (d.class) studentInfo['الصف'] = d.class"
"C:\Users\feras\Desktop\feras\apps\web\src\composables\useExperimentReport.ts","29","        if (d.notes) studentInfo['ملاحظات'] = d.notes"
"C:\Users\feras\Desktop\feras\apps\web\src\composables\useExperimentReport.ts","41","      title: '📋 معلومات الطالب',"
"C:\Users\feras\Desktop\feras\apps\web\src\composables\useExperimentReport.ts","42","      html: `<section class=""sec""><h2 class=""sec-heading params-heading"">📋 معلومات الطالب</h2><table class=""params-table""><tbody>${rows}</tbody></table></section>`,"
"C:\Users\feras\Desktop\feras\apps\web\src\composables\useI18n.test.ts","34","    expect(t('landing.tagline')).toBe('مختبر العلوم التفاعلي');"
"C:\Users\feras\Desktop\feras\apps\web\src\composables\useReportSubmission.ts","44","        error.value = 'فشل إرسال التقرير';"
"C:\Users\feras\Desktop\feras\apps\web\src\composables\useReportSubmission.ts","49","      error.value = 'فشل الاتصال بالخادم';"
"C:\Users\feras\Desktop\feras\apps\web\src\composables\useReportSubmission.ts","78","        error.value = 'فشل إعادة إرسال التقرير';"
"C:\Users\feras\Desktop\feras\apps\web\src\composables\useReportSubmission.ts","83","      error.value = 'فشل الاتصال بالخادم';"
"C:\Users\feras\Desktop\feras\apps\web\src\locales\admin-user.ts","3","    back: '← رجوع',"
"C:\Users\feras\Desktop\feras\apps\web\src\locales\admin-user.ts","4","    impersonate: '🖥️ تسجيل الدخول كـ',"
"C:\Users\feras\Desktop\feras\apps\web\src\locales\admin-user.ts","5","    resetPassword: '🔑 إعادة تعيين كلمة المرور',"
"C:\Users\feras\Desktop\feras\apps\web\src\locales\admin-user.ts","6","    ban: '🚷 حظر',"
"C:\Users\feras\Desktop\feras\apps\web\src\locales\admin-user.ts","7","    unban: '✅ إلغاء الحظر',"
"C:\Users\feras\Desktop\feras\apps\web\src\locales\admin-user.ts","8","    warn: '🚨 تحذير',"
"C:\Users\feras\Desktop\feras\apps\web\src\locales\admin-user.ts","9","    sendWarning: '🚨 إرسال تحذير',"
"C:\Users\feras\Desktop\feras\apps\web\src\locales\admin-user.ts","10","    warningTitle: 'عنوان التحذير',"
"C:\Users\feras\Desktop\feras\apps\web\src\locales\admin-user.ts","11","    warningMessage: 'الرسالة',"
"C:\Users\feras\Desktop\feras\apps\web\src\locales\admin-user.ts","12","    severityLow: 'منخفض',"
"C:\Users\feras\Desktop\feras\apps\web\src\locales\admin-user.ts","13","    severityNormal: 'عادي',"
"C:\Users\feras\Desktop\feras\apps\web\src\locales\admin-user.ts","14","    severityHigh: 'عالي',"
"C:\Users\feras\Desktop\feras\apps\web\src\locales\admin-user.ts","15","    severityCritical: 'حرج',"
"C:\Users\feras\Desktop\feras\apps\web\src\locales\admin-user.ts","16","    cancel: 'إلغاء',"
"C:\Users\feras\Desktop\feras\apps\web\src\locales\admin-user.ts","17","    send: 'إرسال',"
"C:\Users\feras\Desktop\feras\apps\web\src\locales\admin-user.ts","18","    setPassword: 'تعيين',"
"C:\Users\feras\Desktop\feras\apps\web\src\locales\admin-user.ts","19","    newPassword: 'كلمة مرور جديدة (6 أحرف على الأقل)',"
"C:\Users\feras\Desktop\feras\apps\web\src\locales\admin-user.ts","20","    info: '📝 المعلومات',"
"C:\Users\feras\Desktop\feras\apps\web\src\locales\admin-user.ts","22","    email: 'البريد',"
"C:\Users\feras\Desktop\feras\apps\web\src\locales\admin-user.ts","23","    role: 'الدور',"
"C:\Users\feras\Desktop\feras\apps\web\src\locales\admin-user.ts","24","    since: 'منذ',"
"C:\Users\feras\Desktop\feras\apps\web\src\locales\admin-user.ts","25","    emailVerified: 'آخر تأكيد بريد',"
"C:\Users\feras\Desktop\feras\apps\web\src\locales\admin-user.ts","26","    bannedSince: 'محظور منذ',"
"C:\Users\feras\Desktop\feras\apps\web\src\locales\admin-user.ts","27","    banReason: 'سبب الحظر',"
"C:\Users\feras\Desktop\feras\apps\web\src\locales\admin-user.ts","28","    classes: '🏫 الفصول',"
"C:\Users\feras\Desktop\feras\apps\web\src\locales\admin-user.ts","29","    reports: '📋 التقارير',"
"C:\Users\feras\Desktop\feras\apps\web\src\locales\admin-user.ts","30","    warnings: '⚠️ التحذيرات',"
"C:\Users\feras\Desktop\feras\apps\web\src\locales\admin-user.ts","31","    adminNotes: '📝 ملاحظات الأدمن',"
"C:\Users\feras\Desktop\feras\apps\web\src\locales\admin-user.ts","32","    recentActivity: '📜 النشاط الأخير',"
"C:\Users\feras\Desktop\feras\apps\web\src\locales\admin-user.ts","33","    noClasses: 'لا توجد فصول',"
"C:\Users\feras\Desktop\feras\apps\web\src\locales\admin-user.ts","34","    noReports: 'لا توجد تقارير',"
"C:\Users\feras\Desktop\feras\apps\web\src\locales\admin-user.ts","35","    noWarnings: 'لا توجد تحذيرات',"
"C:\Users\feras\Desktop\feras\apps\web\src\locales\admin-user.ts","36","    noNotes: 'لا توجد ملاحظات',"
"C:\Users\feras\Desktop\feras\apps\web\src\locales\admin-user.ts","37","    noActivity: 'لا يوجد نشاط',"
"C:\Users\feras\Desktop\feras\apps\web\src\locales\admin-user.ts","38","    addNotePlaceholder: 'إضافة ملاحظة...',"
"C:\Users\feras\Desktop\feras\apps\web\src\locales\admin-user.ts","39","    banned: '🚷 محظور',"
"C:\Users\feras\Desktop\feras\apps\web\src\locales\admin-user.ts","40","    studentUnit: 'طالب',"
"C:\Users\feras\Desktop\feras\apps\web\src\locales\admin-user.ts","41","    unbanConfirm: 'إلغاء الحظر؟',"
"C:\Users\feras\Desktop\feras\apps\web\src\locales\admin-user.ts","42","    banReasonPrompt: 'سبب الحظر:',"
"C:\Users\feras\Desktop\feras\apps\web\src\locales\admin-user.ts","43","    impersonateConfirm: 'هل تريد تسجيل الدخول كـ',"
"C:\Users\feras\Desktop\feras\apps\web\src\locales\admin-user.ts","44","    willLogoutAdmin: 'ستُخرج من حساب الأدمن.',"
"C:\Users\feras\Desktop\feras\apps\web\src\locales\admin-user.ts","45","    passwordMin: '6 أحرف على الأقل',"
"C:\Users\feras\Desktop\feras\apps\web\src\locales\admin-user.ts","46","    passwordResetSuccess: '✅ تم إعادة تعيين كلمة المرور',"
"C:\Users\feras\Desktop\feras\apps\web\src\locales\admin-user.ts","47","    searchQuick: '🔍 بحث سريع عن مستخدم، فصل، تقرير...',"
"C:\Users\feras\Desktop\feras\apps\web\src\locales\admin-user.ts","48","    search: '🔍 بحث...',"
"C:\Users\feras\Desktop\feras\apps\web\src\locales\admin-user.ts","49","    addUser: '➕ إضافة',"
"C:\Users\feras\Desktop\feras\apps\web\src\locales\admin-user.ts","50","    addUserTitle: '➕ إضافة مستخدم جديد',"
"C:\Users\feras\Desktop\feras\apps\web\src\locales\admin-user.ts","51","    fullName: 'الاسم الكامل',"
"C:\Users\feras\Desktop\feras\apps\web\src\locales\admin-user.ts","52","    passwordLabel: 'كلمة المرور',"
"C:\Users\feras\Desktop\feras\apps\web\src\locales\admin-user.ts","53","    create: 'إنشاء',"
"C:\Users\feras\Desktop\feras\apps\web\src\locales\admin-user.ts","54","    createFailed: 'فشل الإنشاء',"
"C:\Users\feras\Desktop\feras\apps\web\src\locales\admin-user.ts","55","    view: '👁️ عرض',"
"C:\Users\feras\Desktop\feras\apps\web\src\locales\admin-user.ts","56","    from: 'منذ',"
"C:\Users\feras\Desktop\feras\apps\web\src\locales\admin-user.ts","57","    user: 'المستخدم',"
"C:\Users\feras\Desktop\feras\apps\web\src\locales\admin-user.ts","58","    student: 'الطالب',"
"C:\Users\feras\Desktop\feras\apps\web\src\locales\admin-user.ts","59","    classLabel: 'الفصل',"
"C:\Users\feras\Desktop\feras\apps\web\src\locales\admin-user.ts","60","    grade: 'الدرجة',"
"C:\Users\feras\Desktop\feras\apps\web\src\locales\admin-user.ts","61","    statusSubmitted: '⏳ معلق',"
"C:\Users\feras\Desktop\feras\apps\web\src\locales\admin-user.ts","62","    statusGraded: '✅ مصحح',"
"C:\Users\feras\Desktop\feras\apps\web\src\locales\admin-user.ts","63","    statusResubmitted: '↩️ مُعاد',"
"C:\Users\feras\Desktop\feras\apps\web\src\locales\admin-user.ts","64","    systemHealth: '🖥️ حالة النظام',"
"C:\Users\feras\Desktop\feras\apps\web\src\locales\admin-user.ts","65","    usersCount: 'مستخدمين',"
"C:\Users\feras\Desktop\feras\apps\web\src\locales\admin-user.ts","66","    classesCount: 'فصول',"
"C:\Users\feras\Desktop\feras\apps\web\src\locales\admin-user.ts","67","    reportsCount: 'تقارير',"
"C:\Users\feras\Desktop\feras\apps\web\src\locales\admin-user.ts","68","    activeSessions: 'جلسات نشطة',"
"C:\Users\feras\Desktop\feras\apps\web\src\locales\admin-user.ts","69","    dbSize: 'حجم DB',"
"C:\Users\feras\Desktop\feras\apps\web\src\locales\admin-user.ts","70","    todayLogins: 'دخول اليوم',"
"C:\Users\feras\Desktop\feras\apps\web\src\locales\admin-user.ts","71","    todaySignups: 'تسجيلات اليوم',"
"C:\Users\feras\Desktop\feras\apps\web\src\locales\admin-user.ts","72","    todayReports: 'تقارير اليوم',"
"C:\Users\feras\Desktop\feras\apps\web\src\locales\admin-user.ts","73","    tableStats: '📊 إحصائيات الجداول',"
"C:\Users\feras\Desktop\feras\apps\web\src\locales\admin-user.ts","74","    table: 'الجدول',"
"C:\Users\feras\Desktop\feras\apps\web\src\locales\admin-user.ts","75","    rows: 'الصفوف',"
"C:\Users\feras\Desktop\feras\apps\web\src\locales\admin-user.ts","76","    smartReports: '🧠 التقارير الذكية',"
"C:\Users\feras\Desktop\feras\apps\web\src\locales\admin-user.ts","77","    activityLog: '📜 سجل النشاط',"
"C:\Users\feras\Desktop\feras\apps\web\src\locales\admin-user.ts","78","    inactiveUsers7: '😴 مستخدمون غير نشطين (7 أيام)',"
"C:\Users\feras\Desktop\feras\apps\web\src\locales\admin-user.ts","79","    emptyClassesLabel: '🏫 فصول بدون طلاب',"
"C:\Users\feras\Desktop\feras\apps\web\src\locales\admin-user.ts","80","    pendingReports3: '⏳ تقارير معلقة +3 أيام',"
"C:\Users\feras\Desktop\feras\apps\web\src\locales\admin-user.ts","81","    teachersNoReportsLabel: '👨‍🏫 مدرسون بدون تقارير',"
"C:\Users\feras\Desktop\feras\apps\web\src\locales\admin-user.ts","82","    actionLogin: '🔑 تسجيل دخول',"
"C:\Users\feras\Desktop\feras\apps\web\src\locales\admin-user.ts","83","    actionSignup: '📝 تسجيل حساب',"
"C:\Users\feras\Desktop\feras\apps\web\src\locales\admin-user.ts","84","    actionCreateUser: '➕ إنشاء مستخدم',"
"C:\Users\feras\Desktop\feras\apps\web\src\locales\admin-user.ts","85","    actionDeleteUser: '🗑️ حذف مستخدم',"
"C:\Users\feras\Desktop\feras\apps\web\src\locales\admin-user.ts","86","    actionSubmitReport: '📋 إرسال تقرير',"
"C:\Users\feras\Desktop\feras\apps\web\src\locales\admin-user.ts","87","    actionGradeReport: '✅ تصحيح تقرير',"
"C:\Users\feras\Desktop\feras\apps\web\src\locales\admin-user.ts","88","    actionCreateClass: '🏫 إنشاء فصل',"
"C:\Users\feras\Desktop\feras\apps\web\src\locales\admin-user.ts","89","    actionDeleteClass: '🗑️ حذف فصل',"
"C:\Users\feras\Desktop\feras\apps\web\src\locales\admin.ts","3","    title: '🛡️ لوحة الأدمن',"
"C:\Users\feras\Desktop\feras\apps\web\src\locales\admin.ts","4","    subtitle: 'تحكم كامل في النظام',"
"C:\Users\feras\Desktop\feras\apps\web\src\locales\admin.ts","5","    back: '⬅️ رجوع',"
"C:\Users\feras\Desktop\feras\apps\web\src\locales\admin.ts","6","    overview: '📊 نظرة عامة',"
"C:\Users\feras\Desktop\feras\apps\web\src\locales\admin.ts","7","    users: '👥 المستخدمين ({count})',"
"C:\Users\feras\Desktop\feras\apps\web\src\locales\admin.ts","8","    classes: '🏫 الفصول ({count})',"
"C:\Users\feras\Desktop\feras\apps\web\src\locales\admin.ts","9","    reports: '📋 التقارير ({count})',"
"C:\Users\feras\Desktop\feras\apps\web\src\locales\admin.ts","10","    smart: '🧠 ذكي',"
"C:\Users\feras\Desktop\feras\apps\web\src\locales\admin.ts","11","    feedback: '💬 تقييمات',"
"C:\Users\feras\Desktop\feras\apps\web\src\locales\admin.ts","12","    health: '🖥️ النظام',"
"C:\Users\feras\Desktop\feras\apps\web\src\locales\admin.ts","13","    export: '📤 تصدير',"
"C:\Users\feras\Desktop\feras\apps\web\src\locales\admin.ts","14","    loading: 'جاري التحميل...',"
"C:\Users\feras\Desktop\feras\apps\web\src\locales\admin.ts","15","    loadError: 'فشل التحميل',"
"C:\Users\feras\Desktop\feras\apps\web\src\locales\admin.ts","16","    totalUsers: 'إجمالي المستخدمين',"
"C:\Users\feras\Desktop\feras\apps\web\src\locales\admin.ts","17","    totalClasses: 'الفصول',"
"C:\Users\feras\Desktop\feras\apps\web\src\locales\admin.ts","18","    totalReports: 'التقارير',"
"C:\Users\feras\Desktop\feras\apps\web\src\locales\admin.ts","19","    graded: 'مصحح',"
"C:\Users\feras\Desktop\feras\apps\web\src\locales\admin.ts","20","    todayActivity: 'نشاط اليوم',"
"C:\Users\feras\Desktop\feras\apps\web\src\locales\admin.ts","21","    todayLogins: 'تسجيلات دخول',"
"C:\Users\feras\Desktop\feras\apps\web\src\locales\admin.ts","22","    todaySignups: 'تسجيلات جديدة',"
"C:\Users\feras\Desktop\feras\apps\web\src\locales\admin.ts","23","    todayReports: 'تقارير اليوم',"
"C:\Users\feras\Desktop\feras\apps\web\src\locales\admin.ts","24","    roleDistribution: 'توزيع المستخدمين',"
"C:\Users\feras\Desktop\feras\apps\web\src\locales\admin.ts","25","    topUsers: '🏆 أكثر المستخدمين نشاطاً',"
"C:\Users\feras\Desktop\feras\apps\web\src\locales\admin.ts","26","    reportUnit: 'تقرير',"
"C:\Users\feras\Desktop\feras\apps\web\src\locales\admin.ts","27","    recentActivity: '📜 آخر النشاطات',"
"C:\Users\feras\Desktop\feras\apps\web\src\locales\admin.ts","28","    actionLogin: 'تسجيل دخول',"
"C:\Users\feras\Desktop\feras\apps\web\src\locales\admin.ts","29","    inactiveUsers: '😴 مستخدمون غير نشطين',"
"C:\Users\feras\Desktop\feras\apps\web\src\locales\admin.ts","30","    emptyClasses: '🏫 فصول بدون طلاب',"
"C:\Users\feras\Desktop\feras\apps\web\src\locales\admin.ts","31","    pendingReports: '⏳ تقارير معلقة +3 أيام',"
"C:\Users\feras\Desktop\feras\apps\web\src\locales\admin.ts","32","    needsGrading: 'تقرير بحاجة تصحيح',"
"C:\Users\feras\Desktop\feras\apps\web\src\locales\admin.ts","33","    teachersNoReports: '👨‍🏫 مدرسون بدون تقارير',"
"C:\Users\feras\Desktop\feras\apps\web\src\locales\admin.ts","34","    roleAdmin: 'أدمن',"
"C:\Users\feras\Desktop\feras\apps\web\src\locales\admin.ts","35","    roleTeacher: 'مدرس',"
"C:\Users\feras\Desktop\feras\apps\web\src\locales\admin.ts","36","    roleStudent: 'طالب',"
"C:\Users\feras\Desktop\feras\apps\web\src\locales\admin.ts","37","    delete: '🗑️ حذف',"
"C:\Users\feras\Desktop\feras\apps\web\src\locales\admin.ts","38","    noClasses: 'لا توجد فصول',"
"C:\Users\feras\Desktop\feras\apps\web\src\locales\admin.ts","39","    name: 'الاسم',"
"C:\Users\feras\Desktop\feras\apps\web\src\locales\admin.ts","40","    code: 'الكود',"
"C:\Users\feras\Desktop\feras\apps\web\src\locales\admin.ts","41","    teacher: 'المدرس',"
"C:\Users\feras\Desktop\feras\apps\web\src\locales\admin.ts","42","    students: 'الطلاب',"
"C:\Users\feras\Desktop\feras\apps\web\src\locales\admin.ts","43","    createdAt: 'تاريخ الإنشاء',"
"C:\Users\feras\Desktop\feras\apps\web\src\locales\admin.ts","44","    actions: 'إجراءات',"
"C:\Users\feras\Desktop\feras\apps\web\src\locales\admin.ts","45","    exportData: '📤 تصدير البيانات',"
"C:\Users\feras\Desktop\feras\apps\web\src\locales\admin.ts","46","    downloadCsv: '⬇️ تنزيل CSV',"
"C:\Users\feras\Desktop\feras\apps\web\src\locales\admin.ts","47","    refresh: '🔄 تحديث',"
"C:\Users\feras\Desktop\feras\apps\web\src\locales\admin.ts","48","    allTypes: 'كل الأنواع',"
"C:\Users\feras\Desktop\feras\apps\web\src\locales\admin.ts","49","    complaints: '🚩 شكاوى',"
"C:\Users\feras\Desktop\feras\apps\web\src\locales\admin.ts","50","    ratings: '⭐ تقييمات',"
"C:\Users\feras\Desktop\feras\apps\web\src\locales\admin.ts","51","    suggestions: '💡 اقتراحات',"
"C:\Users\feras\Desktop\feras\apps\web\src\locales\admin.ts","52","    allStatuses: 'كل الحالات',"
"C:\Users\feras\Desktop\feras\apps\web\src\locales\admin.ts","53","    statusOpen: '🔴 مفتوح',"
"C:\Users\feras\Desktop\feras\apps\web\src\locales\admin.ts","54","    statusResolved: '✅ محلول',"
"C:\Users\feras\Desktop\feras\apps\web\src\locales\admin.ts","55","    searchPlaceholder: '🔍 بحث باسم المستخدم أو الرسالة أو التجربة...',"
"C:\Users\feras\Desktop\feras\apps\web\src\locales\admin.ts","56","    feedbackTitle: '💬 التقييمات والشكاوى',"
"C:\Users\feras\Desktop\feras\apps\web\src\locales\admin.ts","57","    feedbackTypeRating: '⭐ تقييم',"
"C:\Users\feras\Desktop\feras\apps\web\src\locales\admin.ts","58","    feedbackTypeComplaint: '🚩 شكوى',"
"C:\Users\feras\Desktop\feras\apps\web\src\locales\admin.ts","59","    feedbackTypeSuggestion: '💡 اقتراح',"
"C:\Users\feras\Desktop\feras\apps\web\src\locales\admin.ts","60","    exportUsers: '👥 المستخدمين',"
"C:\Users\feras\Desktop\feras\apps\web\src\locales\admin.ts","61","    exportUsersDesc: 'كل المستخدمين مع أدوارهم',"
"C:\Users\feras\Desktop\feras\apps\web\src\locales\admin.ts","62","    exportReports: '📋 التقارير',"
"C:\Users\feras\Desktop\feras\apps\web\src\locales\admin.ts","63","    exportReportsDesc: 'كل التقارير مع درجاتها',"
"C:\Users\feras\Desktop\feras\apps\web\src\locales\admin.ts","64","    exportClasses: '🏫 الفصول',"
"C:\Users\feras\Desktop\feras\apps\web\src\locales\admin.ts","65","    exportClassesDesc: 'كل الفصول مع طلابها',"
"C:\Users\feras\Desktop\feras\apps\web\src\locales\admin.ts","66","    exportFeedback: '💬 التقييمات',"
"C:\Users\feras\Desktop\feras\apps\web\src\locales\admin.ts","67","    exportFeedbackDesc: 'كل التقييمات والشكاوى',"
"C:\Users\feras\Desktop\feras\apps\web\src\locales\admin.ts","68","    exportActivity: '📜 النشاط',"
"C:\Users\feras\Desktop\feras\apps\web\src\locales\admin.ts","69","    exportActivityDesc: 'سجل النشاط كاملاً',"
"C:\Users\feras\Desktop\feras\apps\web\src\locales\auth.ts","3","    loginTitle: 'تسجيل الدخول',"
"C:\Users\feras\Desktop\feras\apps\web\src\locales\auth.ts","4","    registerTitle: 'إنشاء حساب جديد',"
"C:\Users\feras\Desktop\feras\apps\web\src\locales\auth.ts","5","    emailLabel: 'البريد الإلكتروني',"
"C:\Users\feras\Desktop\feras\apps\web\src\locales\auth.ts","6","    passwordLabel: 'كلمة السر',"
"C:\Users\feras\Desktop\feras\apps\web\src\locales\auth.ts","7","    firstNameLabel: 'الاسم',"
"C:\Users\feras\Desktop\feras\apps\web\src\locales\auth.ts","8","    lastNameLabel: 'اللقب',"
"C:\Users\feras\Desktop\feras\apps\web\src\locales\auth.ts","9","    confirmPasswordLabel: 'تأكيد كلمة المرور',"
"C:\Users\feras\Desktop\feras\apps\web\src\locales\auth.ts","10","    loginBtn: 'تسجيل الدخول',"
"C:\Users\feras\Desktop\feras\apps\web\src\locales\auth.ts","11","    registerBtn: 'إنشاء الحساب',"
"C:\Users\feras\Desktop\feras\apps\web\src\locales\auth.ts","12","    backToLogin: 'رجوع للدخول',"
"C:\Users\feras\Desktop\feras\apps\web\src\locales\auth.ts","13","    createAccount: 'إنشاء حساب',"
"C:\Users\feras\Desktop\feras\apps\web\src\locales\auth.ts","14","    enterAsGuest: 'دخول سريع كضيف',"
"C:\Users\feras\Desktop\feras\apps\web\src\locales\auth.ts","15","    or: 'أو',"
"C:\Users\feras\Desktop\feras\apps\web\src\locales\auth.ts","16","    loading: 'جارٍ...',"
"C:\Users\feras\Desktop\feras\apps\web\src\locales\auth.ts","17","    forgotPassword: 'نسيت كلمة المرور؟',"
"C:\Users\feras\Desktop\feras\apps\web\src\locales\auth.ts","18","    guestTeacher: '👨‍🏫 دخول كمعلم',"
"C:\Users\feras\Desktop\feras\apps\web\src\locales\auth.ts","19","    guestStudent: '🎓 دخول كطالب',"
"C:\Users\feras\Desktop\feras\apps\web\src\locales\auth.ts","20","    roleLabel: 'نوع الحساب',"
"C:\Users\feras\Desktop\feras\apps\web\src\locales\auth.ts","21","    roleTeacher: '👨‍🏫 مدرس',"
"C:\Users\feras\Desktop\feras\apps\web\src\locales\auth.ts","22","    roleStudent: '🎓 طالب',"
"C:\Users\feras\Desktop\feras\apps\web\src\locales\auth.ts","23","    roleAdmin: '⚙️ مشرف',"
"C:\Users\feras\Desktop\feras\apps\web\src\locales\auth.ts","24","    showPassword: 'إظهار',"
"C:\Users\feras\Desktop\feras\apps\web\src\locales\auth.ts","25","    hidePassword: 'إخفاء',"
"C:\Users\feras\Desktop\feras\apps\web\src\locales\auth.ts","27","      fillAll: 'يرجى ملء جميع الحقول',"
"C:\Users\feras\Desktop\feras\apps\web\src\locales\auth.ts","28","      nameTooShort: 'الاسم يجب أن يكون حرفين على الأقل',"
"C:\Users\feras\Desktop\feras\apps\web\src\locales\auth.ts","29","      invalidEmail: 'البريد الإلكتروني غير صالح',"
"C:\Users\feras\Desktop\feras\apps\web\src\locales\auth.ts","30","      passwordsMismatch: 'كلمتا المرور غير متطابقتين',"
"C:\Users\feras\Desktop\feras\apps\web\src\locales\auth.ts","31","      passwordTooShort: 'كلمة المرور يجب أن تكون 6 أحرف على الأقل',"
"C:\Users\feras\Desktop\feras\apps\web\src\locales\auth.ts","32","      invalidCredentials: 'البريد الإلكتروني أو كلمة السر غير صحيحة',"
"C:\Users\feras\Desktop\feras\apps\web\src\locales\auth.ts","33","      loginFailed: 'فشل تسجيل الدخول',"
"C:\Users\feras\Desktop\feras\apps\web\src\locales\auth.ts","34","      registerFailed: 'فشل إنشاء الحساب',"
"C:\Users\feras\Desktop\feras\apps\web\src\locales\common.ts","3","    chartTitle: '📈 الرسم البياني',"
"C:\Users\feras\Desktop\feras\apps\web\src\locales\common.ts","4","    commentsTitle: '💬 التعليقات',"
"C:\Users\feras\Desktop\feras\apps\web\src\locales\common.ts","5","    noComments: 'لا توجد تعليقات',"
"C:\Users\feras\Desktop\feras\apps\web\src\locales\common.ts","6","    commentPlaceholder: 'اكتب تعليقًا...',"
"C:\Users\feras\Desktop\feras\apps\web\src\locales\common.ts","7","    send: 'إرسال',"
"C:\Users\feras\Desktop\feras\apps\web\src\locales\common.ts","8","    authorTeacher: '👨‍🏫 المدرس',"
"C:\Users\feras\Desktop\feras\apps\web\src\locales\common.ts","9","    authorAdmin: '🛡️ المشرف',"
"C:\Users\feras\Desktop\feras\apps\web\src\locales\common.ts","10","    authorStudent: '🎓 الطالب',"
"C:\Users\feras\Desktop\feras\apps\web\src\locales\common.ts","11","    notifications: 'الإشعارات',"
"C:\Users\feras\Desktop\feras\apps\web\src\locales\common.ts","12","    markAllRead: 'تحديد الكل',"
"C:\Users\feras\Desktop\feras\apps\web\src\locales\common.ts","13","    noNotifications: 'لا توجد إشعارات',"
"C:\Users\feras\Desktop\feras\apps\web\src\locales\common.ts","14","    feedbackTitle: '💬 إرسال ملاحظة',"
"C:\Users\feras\Desktop\feras\apps\web\src\locales\common.ts","15","    typeLabel: 'النوع',"
"C:\Users\feras\Desktop\feras\apps\web\src\locales\common.ts","16","    complaint: '🚩 شكوى',"
"C:\Users\feras\Desktop\feras\apps\web\src\locales\common.ts","17","    rating: '⭐ تقييم',"
"C:\Users\feras\Desktop\feras\apps\web\src\locales\common.ts","18","    suggestion: '💡 اقتراح',"
"C:\Users\feras\Desktop\feras\apps\web\src\locales\common.ts","19","    ratingLabel: 'التقييم',"
"C:\Users\feras\Desktop\feras\apps\web\src\locales\common.ts","20","    messageLabel: 'الرسالة',"
"C:\Users\feras\Desktop\feras\apps\web\src\locales\common.ts","21","    messagePlaceholder: 'اكتب ملاحظتك هنا...',"
"C:\Users\feras\Desktop\feras\apps\web\src\locales\common.ts","22","    cancel: 'إلغاء',"
"C:\Users\feras\Desktop\feras\apps\web\src\locales\common.ts","23","    submit: 'إرسال',"
"C:\Users\feras\Desktop\feras\apps\web\src\locales\common.ts","24","    writeMessage: 'اكتب رسالة',"
"C:\Users\feras\Desktop\feras\apps\web\src\locales\common.ts","25","    thanks: 'تم الإرسال، شكراً!',"
"C:\Users\feras\Desktop\feras\apps\web\src\locales\common.ts","26","    submitFailed: 'فشل الإرسال',"
"C:\Users\feras\Desktop\feras\apps\web\src\locales\common.ts","27","    close: 'إغلاق',"
"C:\Users\feras\Desktop\feras\apps\web\src\locales\dashboard.ts","3","    title: 'لوحة التحكم',"
"C:\Users\feras\Desktop\feras\apps\web\src\locales\dashboard.ts","4","    welcome: 'مرحباً',"
"C:\Users\feras\Desktop\feras\apps\web\src\locales\dashboard.ts","5","    experiments: 'التجارب',"
"C:\Users\feras\Desktop\feras\apps\web\src\locales\dashboard.ts","6","    reports: 'التقارير',"
"C:\Users\feras\Desktop\feras\apps\web\src\locales\dashboard.ts","7","    classes: 'الفصول',"
"C:\Users\feras\Desktop\feras\apps\web\src\locales\dashboard.ts","8","    settings: 'الإعدادات',"
"C:\Users\feras\Desktop\feras\apps\web\src\locales\dashboard.ts","9","    logout: 'خروج',"
"C:\Users\feras\Desktop\feras\apps\web\src\locales\dashboard.ts","10","    noReports: 'لا توجد تقارير',"
"C:\Users\feras\Desktop\feras\apps\web\src\locales\experiments.ts","3","    thinLensTitle: 'العدسة الرقيقة',"
"C:\Users\feras\Desktop\feras\apps\web\src\locales\experiments.ts","4","    springTitle: 'تجربة النابض المتقدمة',"
"C:\Users\feras\Desktop\feras\apps\web\src\locales\experiments.ts","5","    projectileTitle: 'حركة المقذوفات',"
"C:\Users\feras\Desktop\feras\apps\web\src\locales\experiments.ts","6","    pendulumTitle: 'البندول البسيط',"
"C:\Users\feras\Desktop\feras\apps\web\src\locales\experiments.ts","7","    startBtn: 'بدء',"
"C:\Users\feras\Desktop\feras\apps\web\src\locales\experiments.ts","8","    pauseBtn: 'توقف',"
"C:\Users\feras\Desktop\feras\apps\web\src\locales\experiments.ts","9","    resumeBtn: 'استئناف',"
"C:\Users\feras\Desktop\feras\apps\web\src\locales\experiments.ts","10","    recordBtn: 'تسجيل',"
"C:\Users\feras\Desktop\feras\apps\web\src\locales\experiments.ts","11","    resetBtn: 'إعادة تعيين',"
"C:\Users\feras\Desktop\feras\apps\web\src\locales\experiments.ts","12","    resetConfirm: 'هل تريد إعادة تعيين المحاكاة؟',"
"C:\Users\feras\Desktop\feras\apps\web\src\locales\experiments.ts","13","    undoBtn: 'تراجع',"
"C:\Users\feras\Desktop\feras\apps\web\src\locales\experiments.ts","14","    redoBtn: 'إعادة',"
"C:\Users\feras\Desktop\feras\apps\web\src\locales\experiments.ts","15","    exportCsv: 'تصدير CSV',"
"C:\Users\feras\Desktop\feras\apps\web\src\locales\experiments.ts","16","    emptyTrials: 'لا توجد قراءات مسجلة',"
"C:\Users\feras\Desktop\feras\apps\web\src\locales\experiments.ts","17","    emptyChart: 'سجل قراءتين على الأقل',"
"C:\Users\feras\Desktop\feras\apps\web\src\locales\experiments.ts","18","    clearAll: 'مسح الكل',"
"C:\Users\feras\Desktop\feras\apps\web\src\locales\experiments.ts","19","    slope: 'الميل',"
"C:\Users\feras\Desktop\feras\apps\web\src\locales\experiments.ts","21","    readings: 'القراءات',"
"C:\Users\feras\Desktop\feras\apps\web\src\locales\experiments.ts","22","    params: 'المعلمات',"
"C:\Users\feras\Desktop\feras\apps\web\src\locales\experiments.ts","23","    chart: 'الرسم البياني',"
"C:\Users\feras\Desktop\feras\apps\web\src\locales\experiments.ts","24","    trials: 'القراءات المسجلة',"
"C:\Users\feras\Desktop\feras\apps\web\src\locales\experiments.ts","25","    laws: 'القوانين',"
"C:\Users\feras\Desktop\feras\apps\web\src\locales\experiments.ts","26","    results: 'النتائج',"
"C:\Users\feras\Desktop\feras\apps\web\src\locales\experiments.ts","27","    help: 'مساعدة',"
"C:\Users\feras\Desktop\feras\apps\web\src\locales\experiments.ts","28","    statusRunning: 'تعمل',"
"C:\Users\feras\Desktop\feras\apps\web\src\locales\experiments.ts","29","    statusPaused: 'متوقفة',"
"C:\Users\feras\Desktop\feras\apps\web\src\locales\experiments.ts","30","    statusStopped: 'متوقفة',"
"C:\Users\feras\Desktop\feras\apps\web\src\locales\experiments.ts","31","    speed: 'السرعة',"
"C:\Users\feras\Desktop\feras\apps\web\src\locales\experiments.ts","32","    material: 'المادة',"
"C:\Users\feras\Desktop\feras\apps\web\src\locales\experiments.ts","33","    prismAngle: 'زاوية رأس المنشور',"
"C:\Users\feras\Desktop\feras\apps\web\src\locales\experiments.ts","34","    incidentAngle: 'زاوية السقوط',"
"C:\Users\feras\Desktop\feras\apps\web\src\locales\experiments.ts","35","    refractionAngle: 'زاوية الانكسار',"
"C:\Users\feras\Desktop\feras\apps\web\src\locales\experiments.ts","36","    incidentFace2: 'زاوية السقوط على الوجه 2',"
"C:\Users\feras\Desktop\feras\apps\web\src\locales\experiments.ts","37","    emergenceAngle: 'زاوية الخروج',"
"C:\Users\feras\Desktop\feras\apps\web\src\locales\experiments.ts","38","    deviationAngle: 'زاوية الانحراف',"
"C:\Users\feras\Desktop\feras\apps\web\src\locales\experiments.ts","39","    refractiveIndex: 'معامل الانكسار',"
"C:\Users\feras\Desktop\feras\apps\web\src\locales\experiments.ts","40","    wavelength: 'الطول الموجي',"
"C:\Users\feras\Desktop\feras\apps\web\src\locales\experiments.ts","41","    speedInMedium: 'سرعة الضوء في الوسط',"
"C:\Users\feras\Desktop\feras\apps\web\src\locales\experiments.ts","42","    avgN: 'n المتوسط',"
"C:\Users\feras\Desktop\feras\apps\web\src\locales\experiments.ts","43","    expectedN: 'n المتوقع',"
"C:\Users\feras\Desktop\feras\apps\web\src\locales\experiments.ts","44","    readingsCount: 'عدد القراءات',"
"C:\Users\feras\Desktop\feras\apps\web\src\locales\experiments.ts","45","    lawSnell: 'قانون سنل',"
"C:\Users\feras\Desktop\feras\apps\web\src\locales\experiments.ts","46","    lawPrism: 'معادلة المنشور',"
"C:\Users\feras\Desktop\feras\apps\web\src\locales\experiments.ts","47","    lawMinDeviation: 'الانحراف الأدنى',"
"C:\Users\feras\Desktop\feras\apps\web\src\locales\experiments.ts","48","    hintStart: 'اضغط ""بدء"" لبدء المحاكاة، ثم ""تسجيل"" لحفظ القراءة',"
"C:\Users\feras\Desktop\feras\apps\web\src\locales\experiments.ts","49","    hintPaused: 'المحاكاة متوقفة — اضغط ""استئناف"" للمتابعة',"
"C:\Users\feras\Desktop\feras\apps\web\src\locales\experiments.ts","50","    hintRunning: 'المحاكاة تعمل — اضغط ""تسجيل"" لحفظ القراءة',"
"C:\Users\feras\Desktop\feras\apps\web\src\locales\experiments.ts","51","    hintWaitStable: 'انتظر استقرار الاهتزاز...',"
"C:\Users\feras\Desktop\feras\apps\web\src\locales\experiments.ts","52","    hintStable: 'القراءة مستقرة — اضغط ""تسجيل"" لحفظها',"
"C:\Users\feras\Desktop\feras\apps\web\src\locales\experiments.ts","53","    hintAdjust: 'اضبط v₀ والزاوية، ثم اضغط ""بدء""',"
"C:\Users\feras\Desktop\feras\apps\web\src\locales\experiments.ts","54","    hintFlying: 'المقذوف في الجو — انتظر الهبوط...',"
"C:\Users\feras\Desktop\feras\apps\web\src\locales\experiments.ts","55","    hintLanded: 'هبط! اضغط ""تسجيل"" لحفظ القراءة',"
"C:\Users\feras\Desktop\feras\apps\web\src\locales\experiments.ts","56","    targetHit: 'إصابة!',"
"C:\Users\feras\Desktop\feras\apps\web\src\locales\experiments.ts","58","      glass: 'زجاج',"
"C:\Users\feras\Desktop\feras\apps\web\src\locales\experiments.ts","59","      water: 'ماء',"
"C:\Users\feras\Desktop\feras\apps\web\src\locales\experiments.ts","60","      diamond: 'ألماس',"
"C:\Users\feras\Desktop\feras\apps\web\src\locales\experiments.ts","61","      flint: 'فلينت',"
"C:\Users\feras\Desktop\feras\apps\web\src\locales\experiments.ts","63","    focalLength: 'البعد البؤري f',"
"C:\Users\feras\Desktop\feras\apps\web\src\locales\experiments.ts","64","    objectDistance: 'بعد الجسم do',"
"C:\Users\feras\Desktop\feras\apps\web\src\locales\experiments.ts","65","    imageDistance: 'بعد الصورة di',"
"C:\Users\feras\Desktop\feras\apps\web\src\locales\experiments.ts","66","    objectHeight: 'ارتفاع الجسم ho',"
"C:\Users\feras\Desktop\feras\apps\web\src\locales\experiments.ts","67","    imageHeight: 'ارتفاع الصورة hi',"
"C:\Users\feras\Desktop\feras\apps\web\src\locales\experiments.ts","68","    magnification: 'التكبير m',"
"C:\Users\feras\Desktop\feras\apps\web\src\locales\experiments.ts","69","    imageType: 'نوع الصورة',"
"C:\Users\feras\Desktop\feras\apps\web\src\locales\experiments.ts","70","    imageOrientation: 'اتجاه الصورة',"
"C:\Users\feras\Desktop\feras\apps\web\src\locales\experiments.ts","71","    imageSize: 'حجم الصورة',"
"C:\Users\feras\Desktop\feras\apps\web\src\locales\experiments.ts","72","    lensType: 'نوع العدسة',"
"C:\Users\feras\Desktop\feras\apps\web\src\locales\experiments.ts","73","    convex: 'محدبة',"
"C:\Users\feras\Desktop\feras\apps\web\src\locales\experiments.ts","74","    concave: 'مقعرة',"
"C:\Users\feras\Desktop\feras\apps\web\src\locales\experiments.ts","75","    lensEquation: 'معادلة العدسة',"
"C:\Users\feras\Desktop\feras\apps\web\src\locales\experiments.ts","76","    magnificationTitle: 'التكبير',"
"C:\Users\feras\Desktop\feras\apps\web\src\locales\experiments.ts","77","    fFromRegression: 'f من الانحدار',"
"C:\Users\feras\Desktop\feras\apps\web\src\locales\experiments.ts","78","    expectedF: 'f المتوقع',"
"C:\Users\feras\Desktop\feras\apps\web\src\locales\experiments.ts","79","    submitReportTitle: 'إرسال التقرير للمدرس',"
"C:\Users\feras\Desktop\feras\apps\web\src\locales\experiments.ts","80","    loginRequired: '🔒 يجب تسجيل الدخول لإرسال التقرير',"
"C:\Users\feras\Desktop\feras\apps\web\src\locales\experiments.ts","81","    selectClass: 'الفصل',"
"C:\Users\feras\Desktop\feras\apps\web\src\locales\experiments.ts","82","    noClassHint: 'لم تنضم لأي فصل بعد',"
"C:\Users\feras\Desktop\feras\apps\web\src\locales\experiments.ts","83","    experimentLabel: 'التجربة',"
"C:\Users\feras\Desktop\feras\apps\web\src\locales\experiments.ts","84","    readingsCountLabel: 'عدد القراءات',"
"C:\Users\feras\Desktop\feras\apps\web\src\locales\experiments.ts","85","    readingUnit: 'قراءة',"
"C:\Users\feras\Desktop\feras\apps\web\src\locales\experiments.ts","86","    attachedData: 'البيانات المُرفقة',"
"C:\Users\feras\Desktop\feras\apps\web\src\locales\experiments.ts","87","    tagStudentInfo: '🎓 معلومات الطالب',"
"C:\Users\feras\Desktop\feras\apps\web\src\locales\experiments.ts","88","    tagConclusion: '📝 خاتمة',"
"C:\Users\feras\Desktop\feras\apps\web\src\locales\experiments.ts","89","    tagColumns: '📋 أعمدة',"
"C:\Users\feras\Desktop\feras\apps\web\src\locales\experiments.ts","90","    tagEquations: '⚗️ معادلات',"
"C:\Users\feras\Desktop\feras\apps\web\src\locales\experiments.ts","91","    tagPlots: '📈 رسومات',"
"C:\Users\feras\Desktop\feras\apps\web\src\locales\experiments.ts","92","    tagChartSnapshot: '📸 رسم بياني',"
"C:\Users\feras\Desktop\feras\apps\web\src\locales\experiments.ts","93","    cancelBtn: 'إلغاء',"
"C:\Users\feras\Desktop\feras\apps\web\src\locales\experiments.ts","94","    submitBtn: 'إرسال',"
"C:\Users\feras\Desktop\feras\apps\web\src\locales\experiments.ts","95","    errorLogin: 'يجب تسجيل الدخول أولاً',"
"C:\Users\feras\Desktop\feras\apps\web\src\locales\experiments.ts","96","    errorSession: 'انتهت الجلسة — سجل دخولك مرة أخرى',"
"C:\Users\feras\Desktop\feras\apps\web\src\locales\experiments.ts","97","    errorLoadClasses: 'تعذر تحميل الفصول',"
"C:\Users\feras\Desktop\feras\apps\web\src\locales\experiments.ts","98","    errorSelectClass: 'اختر فصلاً',"
"C:\Users\feras\Desktop\feras\apps\web\src\locales\experiments.ts","99","    errorSubmit: 'فشل الإرسال',"
"C:\Users\feras\Desktop\feras\apps\web\src\locales\experiments.ts","100","    errorServer: 'فشل الاتصال بالخادم',"
"C:\Users\feras\Desktop\feras\apps\web\src\locales\experiments.ts","101","    successSubmit: 'تم إرسال التقرير بنجاح',"
"C:\Users\feras\Desktop\feras\apps\web\src\locales\index.ts","8","  ar: 'العربية',"
"C:\Users\feras\Desktop\feras\apps\web\src\locales\landing.ts","3","    tagline: 'مختبر العلوم التفاعلي',"
"C:\Users\feras\Desktop\feras\apps\web\src\locales\landing.ts","4","    descLine1: 'منصة تعليمية متكاملة للتجارب العلمية',"
"C:\Users\feras\Desktop\feras\apps\web\src\locales\landing.ts","5","    chooseLang: 'اختر اللغة',"
"C:\Users\feras\Desktop\feras\apps\web\src\locales\landing.ts","6","    start: 'ابدأ',"
"C:\Users\feras\Desktop\feras\apps\web\src\locales\landing.ts","7","    loginError: 'البريد الإلكتروني أو كلمة السر غير صحيحة',"
"C:\Users\feras\Desktop\feras\apps\web\src\locales\landing.ts","8","    subjects: '⚛️ الفيزياء — 🧪 الكيمياء — 📐 الرياضيات — 🧬 البيولوجيا',"
"C:\Users\feras\Desktop\feras\apps\web\src\locales\settings.ts","3","    darkMode: 'وضع داكن',"
"C:\Users\feras\Desktop\feras\apps\web\src\locales\settings.ts","4","    lightMode: 'وضع فاتح',"
"C:\Users\feras\Desktop\feras\apps\web\src\locales\teacher.ts","3","    statsTitle: '📊 لوحة الإحصائيات',"
"C:\Users\feras\Desktop\feras\apps\web\src\locales\teacher.ts","4","    reportsLabel: 'تقرير',"
"C:\Users\feras\Desktop\feras\apps\web\src\locales\teacher.ts","5","    studentsLabel: 'طالب',"
"C:\Users\feras\Desktop\feras\apps\web\src\locales\teacher.ts","6","    totalReports: 'إجمالي التقارير',"
"C:\Users\feras\Desktop\feras\apps\web\src\locales\teacher.ts","7","    avgGrades: 'متوسط الدرجات',"
"C:\Users\feras\Desktop\feras\apps\web\src\locales\teacher.ts","8","    pendingGrading: 'قيد التصحيح',"
"C:\Users\feras\Desktop\feras\apps\web\src\locales\teacher.ts","9","    graded: 'مصحح',"
"C:\Users\feras\Desktop\feras\apps\web\src\locales\teacher.ts","10","    reportsStat: 'التقارير',"
"C:\Users\feras\Desktop\feras\apps\web\src\locales\teacher.ts","11","    pendingStat: 'معلق',"
"C:\Users\feras\Desktop\feras\apps\web\src\locales\teacher.ts","12","    avgStat: 'متوسط',"
"C:\Users\feras\Desktop\feras\apps\web\src\locales\teacher.ts","13","    distribution: 'توزيع الدرجات',"
"C:\Users\feras\Desktop\feras\apps\web\src\locales\teacher.ts","14","    reportRatio: 'نسبة التقارير',"
"C:\Users\feras\Desktop\feras\apps\web\src\locales\teacher.ts","15","    expPerformance: '⚗️ أداء التجارب',"
"C:\Users\feras\Desktop\feras\apps\web\src\locales\teacher.ts","16","    expName: 'التجربة',"
"C:\Users\feras\Desktop\feras\apps\web\src\locales\teacher.ts","17","    highest: 'أعلى',"
"C:\Users\feras\Desktop\feras\apps\web\src\locales\teacher.ts","18","    lowest: 'أدنى',"
"C:\Users\feras\Desktop\feras\apps\web\src\locales\teacher.ts","19","    studentRanking: '🏆 ترتيب الطلاب',"
"C:\Users\feras\Desktop\feras\apps\web\src\locales\teacher.ts","20","    studentCol: 'الطالب',"
"C:\Users\feras\Desktop\feras\apps\web\src\locales\teacher.ts","21","    reportsCol: 'التقارير',"
"C:\Users\feras\Desktop\feras\apps\web\src\locales\teacher.ts","22","    avgCol: 'المتوسط',"
"C:\Users\feras\Desktop\feras\apps\web\src\locales\teacher.ts","23","    lastSubmit: 'آخر إرسال',"
"C:\Users\feras\Desktop\feras\apps\web\src\locales\teacher.ts","24","    compare: 'مقارنة',"
"C:\Users\feras\Desktop\feras\apps\web\src\locales\teacher.ts","25","    comparisonTitle: '📊 مقارنة الطلاب',"
"C:\Users\feras\Desktop\feras\apps\web\src\locales\teacher.ts","26","    exportSummary: '📄 تصدير ملخص CSV',"
"C:\Users\feras\Desktop\feras\apps\web\src\locales\teacher.ts","27","    exportAll: '📑 تصدير كل التقارير CSV',"
"C:\Users\feras\Desktop\feras\apps\web\src\locales\teacher.ts","28","    gradingTitle: '✅ تصحيح التقارير',"
"C:\Users\feras\Desktop\feras\apps\web\src\locales\teacher.ts","29","    gradeTitle: '✏️ تصحيح',"
"C:\Users\feras\Desktop\feras\apps\web\src\locales\teacher.ts","30","    gradeLabel: 'الدرجة (0-100)',"
"C:\Users\feras\Desktop\feras\apps\web\src\locales\teacher.ts","31","    feedbackLabel: 'ملاحظات للطالب',"
"C:\Users\feras\Desktop\feras\apps\web\src\locales\teacher.ts","32","    feedbackPlaceholder: 'اكتب ملاحظاتك للطالب...',"
"C:\Users\feras\Desktop\feras\apps\web\src\locales\teacher.ts","33","    cancelBtn: 'إلغاء',"
"C:\Users\feras\Desktop\feras\apps\web\src\locales\teacher.ts","34","    saveBtn: '💾 حفظ',"
"C:\Users\feras\Desktop\feras\apps\web\src\locales\teacher.ts","35","    newReports: 'تقرير جديد',"
"C:\Users\feras\Desktop\feras\apps\web\src\locales\teacher.ts","36","    noReports: 'لا توجد تقارير مُرسلة لهذا الفصل',"
"C:\Users\feras\Desktop\feras\apps\web\src\locales\teacher.ts","37","    pendingStatus: 'قيد التصحيح',"
"C:\Users\feras\Desktop\feras\apps\web\src\locales\teacher.ts","38","    gradeBtn: 'تصحيح',"
"C:\Users\feras\Desktop\feras\apps\web\src\locales\teacher.ts","39","    editBtn: 'تعديل',"
"C:\Users\feras\Desktop\feras\apps\web\src\locales\teacher.ts","40","    deleteBtn: 'حذف التقرير',"
"C:\Users\feras\Desktop\feras\apps\web\src\locales\teacher.ts","41","    deleteConfirm: 'هل تريد حذف تقارير',"
"C:\Users\feras\Desktop\feras\apps\web\src\locales\teacher.ts","42","    closeBtn: 'إغلاق',"
"C:\Users\feras\Desktop\feras\apps\web\src\locales\teacher.ts","43","    gradeNow: '✏️ تصحيح',"
"C:\Users\feras\Desktop\feras\apps\web\src\locales\teacher.ts","44","    historyTitle: '📜 سجل التصحيح',"
"C:\Users\feras\Desktop\feras\apps\web\src\locales\teacher.ts","45","    studentReportsTitle: '📋 تقارير الطالب',"
"C:\Users\feras\Desktop\feras\apps\web\src\locales\teacher.ts","46","    noStudentReports: 'لا توجد تقارير',"
"C:\Users\feras\Desktop\feras\apps\web\src\locales\teacher.ts","47","    statusGraded: '✅ مصحح',"
"C:\Users\feras\Desktop\feras\apps\web\src\locales\teacher.ts","48","    statusSubmitted: '⏳ معلق',"
"C:\Users\feras\Desktop\feras\apps\web\src\locales\teacher.ts","49","    statusResubmitted: '↩️ مُعاد',"
"C:\Users\feras\Desktop\feras\apps\web\src\locales\teacher.ts","50","    statusDraft: '📝 مسودة',"
"C:\Users\feras\Desktop\feras\apps\web\src\locales\teacher.ts","51","    joined: 'منضم من',"
"C:\Users\feras\Desktop\feras\apps\web\src\locales\teacher.ts","53","      noReportsWeek: 'طالب لم يرسلوا تقارير منذ أسبوع',"
"C:\Users\feras\Desktop\feras\apps\web\src\locales\teacher.ts","54","      lowGrade: 'تجارب بمتوسط درجة منخفض',"
"C:\Users\feras\Desktop\feras\apps\web\src\locales\teacher.ts","55","      pending: 'تقرير في انتظار التصحيح',"
"C:\Users\feras\Desktop\feras\apps\web\src\locales\teacher.ts","56","      topStudent: 'الطالب الأفضل',"
"C:\Users\feras\Desktop\feras\apps\web\src\modules\auth\components\LoginForm.vue","16","    <input v-model=""email"" type=""email"" placeholder=""البريد الإلكتروني"" required />"
"C:\Users\feras\Desktop\feras\apps\web\src\modules\auth\components\LoginForm.vue","17","    <input v-model=""password"" type=""password"" placeholder=""كلمة المرور"" required />"
"C:\Users\feras\Desktop\feras\apps\web\src\modules\auth\components\LoginForm.vue","18","    <button type=""submit"">تسجيل الدخول</button>"
"C:\Users\feras\Desktop\feras\apps\web\src\modules\auth\composables\useAuth.ts","7","    // TODO: استدعاء API للتسجيل"
"C:\Users\feras\Desktop\feras\apps\web\src\modules\dashboard\composables\useDashboard.ts","7","    // TODO: جلب البيانات من API"
"C:\Users\feras\Desktop\feras\apps\web\src\modules\physics\experiment-template\ExperimentShell.vue","47","            <span>📋 قراءات</span>"
"C:\Users\feras\Desktop\feras\apps\web\src\modules\physics\experiment-template\ExperimentShell.vue","49","          <p class=""placeholder"">ستظهر هنا جدول القراءات</p>"
"C:\Users\feras\Desktop\feras\apps\web\src\modules\physics\experiment-template\ExperimentShell.vue","53","            <span>⚗️ حسابات</span>"
"C:\Users\feras\Desktop\feras\apps\web\src\modules\physics\experiment-template\ExperimentShell.vue","55","          <p class=""placeholder"">ستظهر هنا المعادلات</p>"
"C:\Users\feras\Desktop\feras\apps\web\src\modules\physics\experiment-template\ExperimentShell.vue","66","            <span>📈 إشارة</span>"
"C:\Users\feras\Desktop\feras\apps\web\src\modules\physics\experiment-template\ExperimentShell.vue","78","            <span>⚙️ معاملات</span>"
"C:\Users\feras\Desktop\feras\apps\web\src\modules\physics\experiment-template\ExperimentShell.vue","89","            <span>📖 دليل</span>"
"C:\Users\feras\Desktop\feras\apps\web\src\modules\physics\experiment-template\ExperimentShell.vue","91","          <p class=""placeholder"">نص إرشادي</p>"
"C:\Users\feras\Desktop\feras\apps\web\src\modules\physics\experiment-template\ExperimentShell.vue","98","      <button class=""btn-primary"">▶️ بدء</button>"
"C:\Users\feras\Desktop\feras\apps\web\src\modules\physics\experiment-template\ExperimentShell.vue","99","      <button class=""btn-secondary"">🔄 إعادة</button>"
"C:\Users\feras\Desktop\feras\apps\web\src\modules\physics\experiment-template\ExperimentShell.vue","100","      <button class=""btn-secondary"">⏸️ توقف</button>"
"C:\Users\feras\Desktop\feras\apps\web\src\modules\physics\experiment-template\types.ts","2"," * قالب موحد لكل تجربة فيزيائية."
"C:\Users\feras\Desktop\feras\apps\web\src\modules\physics\experiment-template\types.ts","3"," * كل تجربة معينة (spring, pendulum...) تُعيد تعريف ExperimentConfig + المعادلات فقط."
"C:\Users\feras\Desktop\feras\apps\web\src\modules\physics\experiments\analysis-calc\AnalysisCalcExperiment.vue","147","        <h2>📊 قسم الرسم والحسابات</h2>"
"C:\Users\feras\Desktop\feras\apps\web\src\modules\physics\experiments\analysis-calc\AnalysisCalcExperiment.vue","148","        <p>لم تُرسل بيانات من أي تجربة بعد.</p>"
"C:\Users\feras\Desktop\feras\apps\web\src\modules\physics\experiments\analysis-calc\AnalysisCalcExperiment.vue","149","        <p class=""hint"">اذهب إلى أي تجربة فيزيائية، سجل القراءات، ثم اضغط ""قسم الرسم والحسابات"".</p>"
"C:\Users\feras\Desktop\feras\apps\web\src\modules\physics\experiments\analysis-calc\AnalysisCalcExperiment.vue","150","        <button class=""btn-action"" @click=""goBack"">العودة للتجارب</button>"
"C:\Users\feras\Desktop\feras\apps\web\src\modules\physics\experiments\analysis-calc\AnalysisCalcExperiment.vue","212","      :experiment-name=""sourceName || 'تجربة فيزيائية'"""
"C:\Users\feras\Desktop\feras\apps\web\src\modules\physics\experiments\collision\CollisionExperiment.vue","20","  else if (e.key === 'r' || e.key === 'R') { if (confirm('هل تريد إعادة تعيين المحاكاة؟')) ex.resetSim() }"
"C:\Users\feras\Desktop\feras\apps\web\src\modules\physics\experiments\collision\CollisionExperiment.vue","34","      title=""التصادم في بعد واحد"""
"C:\Users\feras\Desktop\feras\apps\web\src\modules\physics\experiments\collision\CollisionExperiment.vue","87","    <div class=""hint-bar"" v-if=""!ex.lab.sim.running""><span>💡 اضبط المعاملات واضغط ""بدء""</span></div>"
"C:\Users\feras\Desktop\feras\apps\web\src\modules\physics\experiments\collision\CollisionExperiment.vue","88","    <div class=""hint-bar active"" v-else-if=""ex.lab.sim.running && !ex.lab.sim.paused && !ex.lab.sim.collided""><span>⏳ الكرتان تتحركان...</span></div>"
"C:\Users\feras\Desktop\feras\apps\web\src\modules\physics\experiments\collision\CollisionExperiment.vue","89","    <div class=""hint-bar success"" v-else-if=""ex.lab.sim.collided""><span>💥 تصادم! اضغط ""تسجيل""</span></div>"
"C:\Users\feras\Desktop\feras\apps\web\src\modules\physics\experiments\collision\CollisionExperiment.vue","90","    <div class=""hint-bar"" v-else><span>⏸️ متوقف مؤقتاً</span></div>"
"C:\Users\feras\Desktop\feras\apps\web\src\modules\physics\experiments\collision\CollisionExperiment.vue","95","      :launch-label=""ex.lab.sim.running && !ex.lab.sim.paused ? '⏸️ توقف' : '▶️ بدء'"""
"C:\Users\feras\Desktop\feras\apps\web\src\modules\physics\experiments\freefall\FreeFallExperiment.vue","29","  else if (e.key === 'r' || e.key === 'R') { if (confirm('هل تريد إعادة تعيين المحاكاة؟')) ex.resetSim() }"
"C:\Users\feras\Desktop\feras\apps\web\src\modules\physics\experiments\freefall\FreeFallExperiment.vue","42","      title=""السقوط الحر"""
"C:\Users\feras\Desktop\feras\apps\web\src\modules\physics\experiments\freefall\FreeFallExperiment.vue","131","    <div class=""hint-bar"" v-if=""!ex.lab.sim.running""><span>💡 اضبط الارتفاع واضغط ""إفلات"" لبدء السقوط</span></div>"
"C:\Users\feras\Desktop\feras\apps\web\src\modules\physics\experiments\freefall\FreeFallExperiment.vue","132","    <div class=""hint-bar active"" v-else-if=""ex.lab.sim.running && !ex.lab.sim.paused && !ex.lab.sim.landed""><span>⏳ الكرة في الجو...</span></div>"
"C:\Users\feras\Desktop\feras\apps\web\src\modules\physics\experiments\freefall\FreeFallExperiment.vue","133","    <div class=""hint-bar success"" v-else><span>✅ الارتطام! اضغط ""تسجيل""</span></div>"
"C:\Users\feras\Desktop\feras\apps\web\src\modules\physics\experiments\freefall\FreeFallExperiment.vue","138","      :launch-label=""ex.lab.sim.running && !ex.lab.sim.paused ? '⏸️ توقف' : '▶️ إفلات'"""
"C:\Users\feras\Desktop\feras\apps\web\src\modules\physics\experiments\inclined\InclinedExperiment.vue","23","  else if (e.key === 'r' || e.key === 'R') { if (confirm('هل تريد إعادة تعيين المحاكاة؟')) ex.resetSim() }"
"C:\Users\feras\Desktop\feras\apps\web\src\modules\physics\experiments\inclined\InclinedExperiment.vue","71","          :launch-label=""ex.lab.sim.running && !ex.lab.sim.paused ? '⏸️ توقف' : '▶️ بدء'"""
"C:\Users\feras\Desktop\feras\apps\web\src\modules\physics\experiments\lever\LeverExperiment.vue","21","  else if (e.key === 'r' || e.key === 'R') { if (confirm('هل تريد إعادة تعيين المحاكاة؟')) ex.resetSim() }"
"C:\Users\feras\Desktop\feras\apps\web\src\modules\physics\experiments\lever\LeverExperiment.vue","35","      title=""توازن العارضة"""
"C:\Users\feras\Desktop\feras\apps\web\src\modules\physics\experiments\lever\LeverExperiment.vue","112","    <div class=""hint-bar"" v-if=""ex.lab.sim.balls.length === 0 && ex.lab.sim.forces.length === 0""><span>💡 اضغط ""+ كرة"" أو ""+ قوة"" لإضافة</span></div>"
"C:\Users\feras\Desktop\feras\apps\web\src\modules\physics\experiments\lever\LeverExperiment.vue","114","    <div class=""hint-bar success"" v-else><span>⚖️ متوازن! اضغط ""تسجيل"" لحفظ القراءة</span></div>"
"C:\Users\feras\Desktop\feras\apps\web\src\modules\physics\experiments\lever\LeverExperiment.vue","125","      :launch-label=""'▶️ بدء'"""
"C:\Users\feras\Desktop\feras\apps\web\src\modules\physics\experiments\lightray\LightRayExperiment.vue","24","    if (confirm('هل تريد إعادة تعيين المحاكاة؟')) ex.resetSim()"
"C:\Users\feras\Desktop\feras\apps\web\src\modules\physics\experiments\lightray\LightRayExperiment.vue","50","      title=""شعاع الضوء"""
"C:\Users\feras\Desktop\feras\apps\web\src\modules\physics\experiments\lightray\LightRayExperiment.vue","166","      <span>💡 اضغط ""بدء"" لبدء المحاكاة، ثم ""تسجيل"" لحفظ القراءة</span>"
"C:\Users\feras\Desktop\feras\apps\web\src\modules\physics\experiments\lightray\LightRayExperiment.vue","169","      <span>⏸️ المحاكاة متوقفة — اضغط ""استئناف"" للمتابعة</span>"
"C:\Users\feras\Desktop\feras\apps\web\src\modules\physics\experiments\lightray\LightRayExperiment.vue","172","      <span>✅ المحاكاة تعمل — اضغط ""تسجيل"" لحفظ القراءة</span>"
"C:\Users\feras\Desktop\feras\apps\web\src\modules\physics\experiments\lightray\LightRayExperiment.vue","183","      :launch-label=""ex.lab.running.value && !ex.lab.paused.value ? '⏸️ توقف' : '▶️ بدء'"""
"C:\Users\feras\Desktop\feras\apps\web\src\modules\physics\experiments\mirror\MirrorExperiment.vue","22","    if (confirm('هل تريد إعادة تعيين المحاكاة؟')) ex.resetSim()"
"C:\Users\feras\Desktop\feras\apps\web\src\modules\physics\experiments\mirror\MirrorExperiment.vue","48","      title=""المرآة الكروية"""
"C:\Users\feras\Desktop\feras\apps\web\src\modules\physics\experiments\mirror\MirrorExperiment.vue","142","      <span>💡 اضغط ""بدء"" لبدء المحاكاة، ثم ""تسجيل"" لحفظ القراءة</span>"
"C:\Users\feras\Desktop\feras\apps\web\src\modules\physics\experiments\mirror\MirrorExperiment.vue","145","      <span>⏸️ المحاكاة متوقفة — اضغط ""استئناف"" للمتابعة</span>"
"C:\Users\feras\Desktop\feras\apps\web\src\modules\physics\experiments\mirror\MirrorExperiment.vue","148","      <span>✅ المحاكاة تعمل — اضغط ""تسجيل"" لحفظ القراءة</span>"
"C:\Users\feras\Desktop\feras\apps\web\src\modules\physics\experiments\mirror\MirrorExperiment.vue","159","      :launch-label=""ex.lab.running.value && !ex.lab.paused.value ? '⏸️ توقف' : '▶️ بدء'"""
"C:\Users\feras\Desktop\feras\apps\web\src\modules\physics\experiments\spring\useSpringPhysics.ts","13","  springMass?: number; // كتلة النابض الفعلية (لحساب m_eff ≈ m_spring/3)"
"C:\Users\feras\Desktop\feras\apps\web\src\modules\physics\branch-page.vue","22","    easy: 'سهل',"
"C:\Users\feras\Desktop\feras\apps\web\src\modules\physics\branch-page.vue","23","    medium: 'متوسط',"
"C:\Users\feras\Desktop\feras\apps\web\src\modules\physics\branch-page.vue","24","    hard: 'صعب',"
"C:\Users\feras\Desktop\feras\apps\web\src\modules\physics\branch-page.vue","33","      <button class=""back-btn"" @click=""goBack"">← رجوع</button>"
"C:\Users\feras\Desktop\feras\apps\web\src\modules\physics\branch-page.vue","38","      <h1 v-else>فرع غير موجود</h1>"
"C:\Users\feras\Desktop\feras\apps\web\src\modules\physics\branch-page.vue","64","      <p>الفرع المطلوب غير موجود</p>"
"C:\Users\feras\Desktop\feras\apps\web\src\modules\physics\branch-page.vue","65","      <button class=""btn-action"" @click=""goBack"">العودة للفروع</button>"
"C:\Users\feras\Desktop\feras\apps\web\src\modules\physics\branches-page.vue","15","      <h1>🔬 فروع الفيزياء</h1>"
"C:\Users\feras\Desktop\feras\apps\web\src\modules\physics\branches-page.vue","16","      <p>اختر فرعاً لبدء التجربة</p>"
"C:\Users\feras\Desktop\feras\apps\web\src\modules\physics\branches-page.vue","32","          <span class=""badge"">{{ branch.experiments.length }} تجربة</span>"
"C:\Users\feras\Desktop\feras\apps\web\src\modules\physics\catalog.ts","29","    nameAr: 'الميكانيك',"
"C:\Users\feras\Desktop\feras\apps\web\src\modules\physics\catalog.ts","32","    description: 'تجارب الحركة والقوى والطاقة',"
"C:\Users\feras\Desktop\feras\apps\web\src\modules\physics\catalog.ts","34","      { id: 'spring', name: 'Spring Oscillation', nameAr: 'تجربة النابض', icon: '📐', difficulty: 'easy', tags: ['shm', 'harmonic'], route: '' },"
"C:\Users\feras\Desktop\feras\apps\web\src\modules\physics\catalog.ts","35","      { id: 'pendulum', name: 'Pendulum', nameAr: 'البندول', icon: '🕰️', difficulty: 'easy', tags: ['shm', 'gravity'], route: '' },"
"C:\Users\feras\Desktop\feras\apps\web\src\modules\physics\catalog.ts","36","      { id: 'projectile', name: 'Projectile Motion', nameAr: 'حركة المقذوفات', icon: '🚀', difficulty: 'medium', tags: ['kinematics', '2d'], route: '' },"
"C:\Users\feras\Desktop\feras\apps\web\src\modules\physics\catalog.ts","37","      { id: 'freefall', name: 'Free Fall', nameAr: 'السقوط الحر', icon: '🍎', difficulty: 'easy', tags: ['gravity', 'kinematics'], route: '' },"
"C:\Users\feras\Desktop\feras\apps\web\src\modules\physics\catalog.ts","38","      { id: 'inclined', name: 'Inclined Plane', nameAr: 'المنحدر المائل', icon: '📐', difficulty: 'easy', tags: ['kinematics', 'forces', 'friction'], route: '' },"
"C:\Users\feras\Desktop\feras\apps\web\src\modules\physics\catalog.ts","39","      { id: 'collision', name: '1D Collision', nameAr: 'التصادم في بعد واحد', icon: '💥', difficulty: 'medium', tags: ['momentum', 'energy', 'collision'], route: '' },"
"C:\Users\feras\Desktop\feras\apps\web\src\modules\physics\catalog.ts","40","      { id: 'lever', name: 'Lever Balance', nameAr: 'توازن العارضة', icon: '⚖️', difficulty: 'easy', tags: ['equilibrium', 'torque', 'lever'], route: '' },"
"C:\Users\feras\Desktop\feras\apps\web\src\modules\physics\catalog.ts","46","    nameAr: 'الموجات والبصريات',"
"C:\Users\feras\Desktop\feras\apps\web\src\modules\physics\catalog.ts","49","    description: 'تجارب الموجات والانعكاس والانكسار',"
"C:\Users\feras\Desktop\feras\apps\web\src\modules\physics\catalog.ts","51","      { id: 'light-ray', name: 'Light Ray Lab', nameAr: 'شعاع الضوء', icon: '💡', difficulty: 'easy', tags: ['optics', 'reflection', 'refraction'], route: '' },"
"C:\Users\feras\Desktop\feras\apps\web\src\modules\physics\catalog.ts","52","      { id: 'thin-lens', name: 'Thin Lens', nameAr: 'العدسة الرقيقة', icon: '🔍', difficulty: 'medium', tags: ['optics', 'lens'], route: '' },"
"C:\Users\feras\Desktop\feras\apps\web\src\modules\physics\catalog.ts","53","      { id: 'mirrors', name: 'Spherical Mirrors', nameAr: 'المرايا الكروية', icon: '🪞', difficulty: 'medium', tags: ['optics', 'mirror'], route: '' },"
"C:\Users\feras\Desktop\feras\apps\web\src\modules\physics\catalog.ts","54","      { id: 'prism-dispersion', name: 'Prism Dispersion', nameAr: 'تحلل الضوء بالمنشور', icon: '🌈', difficulty: 'easy', tags: ['optics', 'dispersion'], route: '' },"
"C:\Users\feras\Desktop\feras\apps\web\src\modules\physics\catalog.ts","55","      { id: 'interference', name: 'Young\'s Interference', nameAr: 'تداخل يونغ', icon: '〰️', difficulty: 'medium', tags: ['waves', 'interference'], route: '' },"
"C:\Users\feras\Desktop\feras\apps\web\src\modules\physics\catalog.ts","56","      { id: 'diffraction', name: 'Diffraction', nameAr: 'الحيود', icon: '🔦', difficulty: 'hard', tags: ['waves', 'diffraction'], route: '' },"
"C:\Users\feras\Desktop\feras\apps\web\src\modules\physics\catalog.ts","57","      { id: 'polarization', name: 'Light Polarization', nameAr: 'استقطاب الضوء', icon: '🕶️', difficulty: 'hard', tags: ['waves', 'polarization'], route: '' },"
"C:\Users\feras\Desktop\feras\apps\web\src\modules\physics\catalog.ts","58","      { id: 'speed-of-sound', name: 'Speed of Sound', nameAr: 'سرعة الصوت', icon: '🔔', difficulty: 'easy', tags: ['sound', 'waves'], route: '' },"
"C:\Users\feras\Desktop\feras\apps\web\src\modules\physics\catalog.ts","59","      { id: 'resonance', name: 'Standing Waves', nameAr: 'الموجات القائمة', icon: '🎵', difficulty: 'medium', tags: ['sound', 'resonance'], route: '' },"
"C:\Users\feras\Desktop\feras\apps\web\src\modules\physics\catalog.ts","65","    nameAr: 'الحرارة والديناميكا الحرارية',"
"C:\Users\feras\Desktop\feras\apps\web\src\modules\physics\catalog.ts","68","    description: 'تجارب الحرارة والغازات',"
"C:\Users\feras\Desktop\feras\apps\web\src\modules\physics\catalog.ts","70","      { id: 'ideal-gas', name: 'Ideal Gas', nameAr: 'الغاز المثالي', icon: '💨', difficulty: 'medium', tags: ['thermo'], route: '' },"
"C:\Users\feras\Desktop\feras\apps\web\src\modules\physics\catalog.ts","71","      { id: 'calorimetry', name: 'Calorimetry', nameAr: 'قياس الحرارة', icon: '🌡️', difficulty: 'easy', tags: ['heat'], route: '' },"
"C:\Users\feras\Desktop\feras\apps\web\src\modules\physics\catalog.ts","77","    nameAr: 'الكهرباء والدوائر',"
"C:\Users\feras\Desktop\feras\apps\web\src\modules\physics\catalog.ts","80","    description: 'تجارب الدوائر الكهربائية',"
"C:\Users\feras\Desktop\feras\apps\web\src\modules\physics\catalog.ts","82","      { id: 'rc-circuit', name: 'RC Circuit', nameAr: 'دائرة RC', icon: '🔋', difficulty: 'medium', tags: ['circuits'], route: '' },"
"C:\Users\feras\Desktop\feras\apps\web\src\modules\physics\catalog.ts","88","    nameAr: 'الكهرومغناطيسية',"
"C:\Users\feras\Desktop\feras\apps\web\src\modules\physics\catalog.ts","91","    description: 'تجارب المجالات المغناطيسية',"
"C:\Users\feras\Desktop\feras\apps\web\src\modules\physics\catalog.ts","93","      { id: 'biot-savart', name: 'Biot-Savart', nameAr: 'بيوسافار', icon: '🧭', difficulty: 'hard', tags: ['magnetism'], route: '' },"
"C:\Users\feras\Desktop\feras\apps\web\src\modules\physics\catalog.ts","94","      { id: 'faraday', name: 'Faraday Induction', nameAr: 'حث فارادي', icon: '⚡', difficulty: 'medium', tags: ['induction'], route: '' },"
"C:\Users\feras\Desktop\feras\apps\web\src\modules\physics\experiment-page.vue","29","      <button class=""back-btn"" @click=""goBack"">← رجوع</button>"
"C:\Users\feras\Desktop\feras\apps\web\src\modules\physics\experiment-page.vue","32","      <button class=""feedback-btn"" @click=""showFeedback = true"">🚩 إبلاغ عن مشكلة</button>"
"C:\Users\feras\Desktop\feras\apps\web\src\modules\physics\experiment-page.vue","46","      <p>التجربة <strong>{{ experiment.nameAr }}</strong> قيد التطوير.</p>"
"C:\Users\feras\Desktop\feras\apps\web\src\modules\physics\experiment-page.vue","47","      <button class=""btn-action"" @click=""goBack"">العودة</button>"
"C:\Users\feras\Desktop\feras\apps\web\src\modules\physics\experiment-page.vue","51","      <p>التجربة المطلوبة غير موجودة</p>"
"C:\Users\feras\Desktop\feras\apps\web\src\modules\physics\experiment-page.vue","52","      <button class=""btn-action"" @click=""goBack"">العودة</button>"
"C:\Users\feras\Desktop\feras\apps\web\src\pages\index.vue","22","    formError.value = 'البريد الإلكتروني أو كلمة السر غير صحيحة'"
"C:\Users\feras\Desktop\feras\apps\web\src\services\home.service.ts","7","    title: 'الفيزياء',"
"C:\Users\feras\Desktop\feras\apps\web\src\services\home.service.ts","8","    desc: 'تجارب الميكانيكا، الأمواج، الحرارة، الكهرباء والمغناطيسية',"
"C:\Users\feras\Desktop\feras\apps\web\src\services\home.service.ts","9","    stats: '20+ تجربة',"
"C:\Users\feras\Desktop\feras\apps\web\src\services\home.service.ts","15","    title: 'الكيمياء',"
"C:\Users\feras\Desktop\feras\apps\web\src\services\home.service.ts","16","    desc: 'التفاعلات، التحليل الكيميائي، والخصائص الفيزيائية',"
"C:\Users\feras\Desktop\feras\apps\web\src\services\home.service.ts","17","    stats: '15+ تجربة',"
"C:\Users\feras\Desktop\feras\apps\web\src\services\home.service.ts","23","    title: 'الرياضيات',"
"C:\Users\feras\Desktop\feras\apps\web\src\services\home.service.ts","24","    desc: 'الدوال، الهندسة التفاضلية، والإحصاء',"
"C:\Users\feras\Desktop\feras\apps\web\src\services\home.service.ts","25","    stats: '10+ تجربة',"
"C:\Users\feras\Desktop\feras\apps\web\src\services\home.service.ts","31","    title: 'علوم عامة',"
"C:\Users\feras\Desktop\feras\apps\web\src\services\home.service.ts","32","    desc: 'مواضيع علمية متنوعة وتطبيقات عملية',"
"C:\Users\feras\Desktop\feras\apps\web\src\services\home.service.ts","33","    stats: '8+ تجارب',"
"C:\Users\feras\Desktop\feras\apps\web\src\services\home.service.ts","42","    description: 'مختبر العلوم التفاعلي',"
"C:\Users\feras\Desktop\feras\apps\web\src\utils\lab-report.build-html.ts","19","  <h3 class=""section-title"">📋 ${dir === 'rtl' ? 'معلومات الطالب' : 'Student Information'}</h3>"
"C:\Users\feras\Desktop\feras\apps\web\src\utils\lab-report.send.ts","17","  return `<button id=""btn-send"" class=""btn-send-teacher"" type=""button"" onclick=""sendToTeacher()"">📤 إرسال للمدرس</button>"
"C:\Users\feras\Desktop\feras\apps\web\src\utils\lab-report.send.ts","24","    const studentName = 'طالب ضيف';"
"C:\Users\feras\Desktop\feras\apps\web\src\utils\lab-report.send.ts","29","      alert('يجب الانضمام لفصل أولاً');"
"C:\Users\feras\Desktop\feras\apps\web\src\utils\lab-report.send.ts","37","      branch: 'فيزياء',"
"C:\Users\feras\Desktop\feras\apps\web\src\utils\lab-report.send.ts","67","    btn.textContent = '✅ تم الإرسال';"
"C:\Users\feras\Desktop\feras\apps\web\src\utils\lab-report.send.ts","68","    alert('تم إرسال التقرير للمدرس بنجاح!');"
"C:\Users\feras\Desktop\feras\apps\web\src\utils\lab-report.send.ts","70","    alert('خطأ: ' + e.message);"
"C:\Users\feras\Desktop\feras\apps\web\src\utils\lab-report.ts","15","    dateLabel: 'التاريخ',"
"C:\Users\feras\Desktop\feras\apps\web\src\utils\lab-report.ts","16","    experimentLabel: 'التجربة',"
"C:\Users\feras\Desktop\feras\apps\web\src\utils\lab-report.ts","17","    paramsHeading: 'المعاملات',"
"C:\Users\feras\Desktop\feras\apps\web\src\utils\lab-report.ts","18","    resultsHeading: 'النتائج',"
"C:\Users\feras\Desktop\feras\apps\web\src\utils\lab-report.ts","19","    footerHint: 'تم إنشاء هذا التقرير من المحاكاة التفاعلية',"
"C:\Users\feras\Desktop\feras\apps\web\src\utils\lab-report.ts","20","    printLabel: 'طباعة',"
"C:\Users\feras\Desktop\feras\apps\web\src\utils\lab-report.ts","21","    closeLabel: 'إغلاق',"
"C:\Users\feras\Desktop\feras\apps\web\src\utils\lab-report.ts","22","    simulationSnap: 'لقطة من المحاكاة',"
